Date,Store_ID,Product_Category,Sales,Promotion,Holiday,Customers,Temperature,Rainfall,Discount_Percentage,Stock_Available,Year,Month,Week,Quarter,Previous_Week_Sales,Moving_Average_4_Weeks
2024-05-12,S001,Electronics,12047.67,0,0,473,35.9,4.5,1.9,1375,2024,5,19,2,13152.005000000001,12047.67
2024-06-16,S001,Beauty,9639.51,0,0,421,26.7,24.2,1.0,1252,2024,6,24,2,12047.67,10843.59
2024-06-23,S001,Grocery,11089.8,0,0,436,27.6,2.2,4.1,1244,2024,6,25,2,9639.51,10925.659999999998
2024-08-25,S001,Clothing,18920.64,1,0,614,29.1,7.3,17.5,1513,2024,8,34,3,11089.8,12924.404999999999
2024-09-29,S001,Electronics,14822.96,1,0,632,25.6,21.0,10.7,1741,2024,9,39,3,18920.64,13618.2275
2024-10-20,S001,Electronics,18968.14,1,0,837,28.8,7.5,14.5,1779,2024,10,42,4,14822.96,15950.384999999998
2024-11-17,S001,Clothing,23654.24,1,1,986,34.9,4.4,17.2,1833,2024,11,46,4,18968.14,19091.495
2025-01-26,S001,Clothing,17389.83,1,0,641,29.3,11.7,8.4,1596,2025,1,4,1,23654.24,18708.7925
2025-05-11,S001,Beauty,17822.15,1,0,705,32.0,17.8,19.1,1610,2025,5,19,2,17389.83,19458.590000000004
2025-06-22,S001,Beauty,12217.67,0,0,450,29.8,29.3,0.5,1358,2025,6,25,2,17822.15,17770.972500000003
2025-07-27,S001,Clothing,10000.36,0,0,535,33.0,21.6,0.6,1424,2025,7,30,3,12217.67,14357.5025
2025-08-17,S001,Home,16361.22,1,0,628,28.2,10.0,5.2,1555,2025,8,33,3,10000.36,14100.35
2025-08-24,S001,Grocery,10039.9,0,0,522,35.0,0.8,2.3,1327,2025,8,34,3,16361.22,12154.7875
2025-08-31,S001,Electronics,16628.2,1,0,656,27.9,27.9,6.2,1727,2025,8,35,3,10039.9,13257.42
2025-09-07,S001,Clothing,16436.84,1,0,458,31.4,4.3,18.6,1605,2025,9,36,3,16628.2,14866.54
2025-10-05,S001,Clothing,19088.87,1,0,599,37.4,6.4,26.7,1583,2025,10,40,4,16436.84,15548.4525
2025-10-26,S001,Clothing,19759.75,1,0,679,30.4,8.5,25.5,1682,2025,10,43,4,19088.87,17978.415
2025-11-30,S001,Electronics,10935.28,0,0,561,29.7,13.1,3.3,1421,2025,11,48,4,19759.75,16555.185
2025-12-14,S001,Grocery,15482.18,1,0,534,31.0,9.7,26.6,1521,2025,12,50,4,10935.28,16316.52
2026-01-04,S001,Clothing,11570.11,0,0,457,36.3,5.4,4.6,1455,2026,1,1,1,15482.18,14436.83
2026-02-15,S001,Grocery,9414.32,0,0,357,33.5,23.5,1.3,1220,2026,2,7,1,11570.11,11850.4725
2026-03-15,S001,Clothing,12038.62,0,0,642,23.4,12.1,0.4,1400,2026,3,11,1,9414.32,12126.3075
2026-04-12,S001,Beauty,12687.75,0,0,466,32.6,15.9,4.1,1183,2026,4,15,2,12038.62,11427.7
2026-05-24,S001,Beauty,12752.11,0,0,516,29.3,21.8,1.7,1568,2026,5,21,2,12687.75,11723.2
2026-09-13,S001,Beauty,16299.94,1,0,583,34.9,7.0,18.6,1543,2026,9,37,3,12752.11,13444.605000000001
2026-11-22,S001,Grocery,17058.24,1,0,582,33.6,4.2,9.0,1762,2026,11,47,4,16299.94,14699.51
2026-11-29,S001,Electronics,10639.12,0,0,424,30.4,20.5,3.2,1278,2026,11,48,4,17058.24,14187.3525
2026-12-06,S001,Clothing,9093.0,0,0,484,35.1,15.5,0.1,1252,2026,12,49,4,10639.12,13272.575
2026-12-13,S001,Grocery,11510.11,0,0,491,26.6,6.6,4.1,1203,2026,12,50,4,9093.0,12075.1175
2026-12-27,S001,Clothing,15019.25,0,1,550,30.8,18.1,1.3,1086,2026,12,52,4,11510.11,11565.37
2027-01-17,S001,Electronics,14832.16,0,1,740,32.9,6.2,0.2,1308,2027,1,2,1,15019.25,12613.63
2027-02-07,S001,Grocery,11898.57,0,0,518,26.2,5.0,1.7,1334,2027,2,5,1,14832.16,13315.0225
2027-02-21,S001,Home,15231.08,1,0,687,30.4,10.5,5.8,1693,2027,2,7,1,11898.57,14245.265
2027-03-28,S001,Electronics,9339.14,0,0,439,30.3,19.5,2.0,1426,2027,3,12,1,15231.08,12825.2375
2027-04-11,S001,Clothing,17696.58,1,0,689,26.2,10.7,6.0,1604,2027,4,14,2,9339.14,13541.3425
2027-04-18,S001,Electronics,12810.03,0,0,532,30.3,13.0,3.7,1194,2027,4,15,2,17696.58,13769.2075
2027-05-30,S001,Grocery,17474.19,1,0,543,26.6,4.4,22.6,1665,2027,5,21,2,12810.03,14329.985
2027-06-13,S001,Grocery,16995.85,0,1,719,37.6,5.6,4.1,1448,2027,6,23,2,17474.19,16244.1625
2027-06-20,S001,Electronics,10848.41,0,0,510,32.2,8.4,0.6,1374,2027,6,24,2,16995.85,14532.119999999999
2027-07-04,S001,Beauty,12022.28,0,0,444,31.9,5.8,4.3,1290,2027,7,26,3,10848.41,14335.1825
2027-08-08,S001,Clothing,20912.5,0,1,830,35.3,3.5,2.2,1262,2027,8,31,3,12022.28,15194.76
2027-08-15,S001,Electronics,15252.45,1,0,637,24.9,8.3,13.8,1837,2027,8,32,3,20912.5,14758.91
2027-10-17,S001,Beauty,8520.67,0,0,354,28.1,11.2,2.3,1242,2027,10,41,4,15252.45,14176.975
2027-11-21,S001,Clothing,11196.58,0,0,450,30.8,10.0,2.3,1299,2027,11,46,4,8520.67,13970.55
2027-11-28,S001,Grocery,19274.28,1,0,673,31.8,3.1,28.5,1748,2027,11,47,4,11196.58,13560.994999999999
2028-03-12,S001,Beauty,16867.37,1,0,609,27.7,8.3,17.0,1631,2028,3,10,1,19274.28,13964.725
2028-03-19,S001,Grocery,10635.77,0,0,459,30.9,18.5,3.8,1295,2028,3,11,1,16867.37,14493.5
2028-04-02,S001,Home,11513.19,0,0,522,21.8,11.3,3.9,1364,2028,4,13,2,10635.77,14572.652499999998
2028-04-23,S001,Clothing,16151.41,0,1,723,31.7,1.8,0.8,1410,2028,4,16,2,11513.19,13791.935000000001
2028-04-30,S001,Home,18139.5,0,1,770,34.8,2.8,2.2,1331,2028,4,17,2,16151.41,14109.9675
2028-06-11,S001,Electronics,11198.15,0,0,447,26.6,17.4,1.1,1301,2028,6,23,2,18139.5,14250.562500000002
2028-07-02,S001,Electronics,9037.07,0,0,392,25.2,17.0,2.6,1147,2028,7,26,3,11198.15,13631.532500000001
2028-07-16,S001,Grocery,11753.36,0,0,418,31.3,3.8,3.3,1141,2028,7,28,3,9037.07,12532.02
2028-08-20,S001,Beauty,9946.3,0,0,391,31.3,7.5,1.7,1394,2028,8,33,3,11753.36,10483.72
2028-08-27,S001,Clothing,17285.49,0,1,667,37.0,5.4,3.0,1325,2028,8,34,3,9946.3,12005.555
2028-10-01,S001,Electronics,8700.52,0,0,403,36.8,18.3,3.6,1204,2028,10,39,4,17285.49,11921.4175
2028-10-22,S001,Home,15318.23,1,0,631,27.1,9.6,9.1,1508,2028,10,42,4,8700.52,12812.635
2028-11-19,S001,Clothing,8142.05,0,0,399,30.9,7.1,2.5,1174,2028,11,46,4,15318.23,12361.572500000002
2028-12-03,S001,Home,15537.8,1,0,670,34.8,1.9,19.3,1700,2028,12,48,4,8142.05,11924.65
2029-01-21,S001,Grocery,11057.7,0,0,503,34.9,8.6,1.9,1299,2029,1,3,1,15537.8,12513.945
2029-02-04,S001,Home,17424.0,0,1,686,30.6,6.0,4.9,1279,2029,2,5,1,11057.7,13040.3875
2029-02-18,S001,Beauty,12312.25,0,0,437,33.0,9.4,2.3,1338,2029,2,7,1,17424.0,14082.9375
2029-03-18,S001,Electronics,12678.62,0,0,547,35.1,5.0,2.9,1256,2029,3,11,1,12312.25,13368.1425
2029-03-25,S001,Grocery,11091.22,0,0,450,34.2,15.6,3.8,1397,2029,3,12,1,12678.62,13376.5225
2029-06-03,S001,Beauty,24970.68,1,1,1017,24.8,1.7,21.6,2111,2029,6,22,2,11091.22,15263.1925
2029-06-17,S001,Beauty,17674.69,0,1,756,31.8,8.6,1.0,1643,2029,6,24,2,24970.68,16603.8025
2029-08-05,S001,Home,17576.98,1,0,634,31.0,5.4,10.7,1690,2029,8,31,3,17674.69,17828.3925
2029-08-12,S001,Clothing,21134.71,1,1,1005,29.2,8.5,12.0,1853,2029,8,32,3,17576.98,20339.265
2029-09-30,S001,Home,12532.64,0,0,464,28.6,9.4,3.4,1407,2029,9,39,3,21134.71,17229.754999999997
2029-10-21,S001,Clothing,19917.53,1,0,737,22.4,6.0,21.3,1669,2029,10,42,4,12532.64,17790.464999999997
2029-11-18,S001,Home,10431.18,0,0,484,29.6,5.3,3.5,1116,2029,11,46,4,19917.53,16004.015
2029-12-16,S001,Grocery,16222.72,1,0,544,30.2,16.0,20.2,1677,2029,12,50,4,10431.18,14776.0175
2030-01-06,S001,Grocery,13188.79,0,0,528,25.9,7.6,1.6,1173,2030,1,1,1,16222.72,14940.055
2030-03-17,S001,Beauty,10145.42,0,0,476,27.2,10.8,0.1,1149,2030,3,11,1,13188.79,12497.0275
2030-03-24,S001,Electronics,20147.79,1,0,728,29.6,4.0,25.4,1618,2030,3,12,1,10145.42,14926.18
2030-03-31,S001,Clothing,12037.35,0,0,592,26.4,1.3,1.4,1354,2030,3,13,1,20147.79,13879.8375
2030-05-19,S001,Home,11688.91,0,0,497,25.1,13.5,3.3,1165,2030,5,20,2,12037.35,13504.8675
2030-06-16,S001,Electronics,10787.49,0,0,515,27.6,22.2,4.6,1403,2030,6,24,2,11688.91,13665.385
2030-07-14,S001,Grocery,9484.48,0,0,419,25.4,10.3,0.5,1242,2030,7,28,3,10787.49,10999.557499999999
2030-09-01,S001,Beauty,15466.06,0,1,569,32.4,15.1,4.7,1343,2030,9,35,3,9484.48,11856.735
2030-10-06,S001,Grocery,9436.82,0,0,400,24.1,12.1,0.9,1168,2030,10,40,4,15466.06,11293.7125
2030-11-17,S001,Beauty,7743.68,0,0,346,25.6,1.7,0.8,1209,2030,11,46,4,9436.82,10532.76
2031-03-09,S001,Beauty,12342.82,0,0,437,28.5,5.1,2.3,1456,2031,3,10,1,7743.68,11247.345
2031-05-04,S001,Electronics,7949.0,0,0,454,26.9,18.5,3.4,1234,2031,5,18,2,12342.82,9368.08
2031-05-25,S001,Beauty,15778.45,0,1,650,31.8,5.3,0.1,1432,2031,5,21,2,7949.0,10953.487500000001
2031-06-15,S001,Clothing,6985.71,0,0,409,36.7,14.1,2.7,1103,2031,6,24,2,15778.45,10763.995
2031-06-29,S001,Electronics,14896.02,0,1,680,32.9,7.0,0.7,1157,2031,6,26,2,6985.71,11402.295000000002
2031-07-20,S001,Clothing,15044.87,1,0,412,27.9,5.0,14.8,1555,2031,7,29,3,14896.02,13176.2625
2031-09-21,S001,Beauty,11272.94,0,0,437,26.6,3.2,1.9,1183,2031,9,38,3,15044.87,12049.885
2031-10-19,S001,Beauty,12525.58,0,0,685,28.3,2.7,3.2,1513,2031,10,42,4,11272.94,13434.8525
2031-12-14,S001,Grocery,11822.22,0,0,557,30.7,5.2,0.9,1486,2031,12,50,4,12525.58,12666.4025
2032-03-07,S001,Home,11871.81,0,0,552,32.4,7.0,1.4,1356,2032,3,10,1,11822.22,11873.1375
2032-04-11,S001,Beauty,10307.98,0,0,402,30.6,11.9,0.9,1129,2032,4,15,2,11871.81,11631.8975
2032-06-06,S001,Beauty,14297.7,1,0,523,34.7,3.8,21.9,1729,2032,6,23,2,10307.98,12074.9275
2032-06-13,S001,Beauty,13371.8,0,0,524,32.7,14.4,4.4,1321,2032,6,24,2,14297.7,12462.3225
2032-08-01,S001,Beauty,13601.13,0,0,531,26.5,7.0,4.5,1405,2032,8,31,3,13371.8,12894.6525
2032-08-08,S001,Grocery,20419.69,1,1,786,33.5,20.9,7.9,1623,2032,8,32,3,13601.13,15422.58
2032-10-31,S001,Electronics,10004.69,0,0,402,23.8,24.4,3.4,1284,2032,10,44,4,20419.69,14349.3275
2032-12-26,S001,Grocery,7738.42,0,0,421,35.1,21.9,1.2,1140,2032,12,52,4,10004.69,12940.9825
2033-02-27,S001,Beauty,23073.62,1,1,963,26.2,19.5,22.3,1918,2033,2,8,1,7738.42,15309.105
2033-03-20,S001,Electronics,20080.29,1,0,686,34.4,12.6,27.2,1651,2033,3,11,1,23073.62,15224.255000000001
2033-04-17,S001,Grocery,17952.47,1,0,624,37.0,5.0,17.2,1480,2033,4,15,2,20080.29,17211.2
2033-05-01,S001,Electronics,10968.91,0,0,429,25.3,8.9,0.2,1432,2033,5,17,2,17952.47,18018.822500000002
2033-05-29,S001,Clothing,8854.09,0,0,421,28.6,13.9,4.0,1394,2033,5,21,2,10968.91,14463.940000000002
2033-06-19,S001,Electronics,11103.56,0,0,394,26.1,6.5,3.0,1191,2033,6,24,2,8854.09,12219.7575
2033-07-03,S001,Home,17298.77,1,0,692,39.3,5.6,13.3,1632,2033,7,26,3,11103.56,12056.3325
2033-07-17,S001,Beauty,22960.6,1,1,931,26.4,8.0,11.6,1865,2033,7,28,3,17298.77,15054.254999999997
2033-07-24,S001,Home,16428.67,0,1,649,23.8,10.4,2.7,1454,2033,7,29,3,22960.6,16947.899999999998
2033-07-31,S001,Home,10513.04,0,0,550,31.0,16.2,2.2,1345,2033,7,30,3,16428.67,16800.27
2033-08-14,S001,Electronics,20610.15,1,1,796,31.9,8.6,10.0,1648,2033,8,32,3,10513.04,17628.114999999998
2033-09-11,S001,Home,16816.78,1,0,668,33.3,6.6,8.7,1683,2033,9,36,3,20610.15,16092.16
2033-10-09,S001,Electronics,15295.9,1,0,555,32.3,6.0,23.8,1674,2033,10,40,4,16816.78,15808.967499999999
2033-10-30,S001,Electronics,17307.08,1,0,779,24.5,4.7,16.9,1672,2033,10,43,4,15295.9,17507.4775
2034-01-01,S001,Beauty,12279.31,0,0,526,36.5,8.5,0.9,1167,2034,1,52,1,17307.08,15424.767499999998
2034-02-12,S001,Electronics,11363.16,0,0,430,28.6,6.5,1.1,1189,2034,2,6,1,12279.31,14061.3625
2034-05-14,S001,Electronics,9516.0,0,0,375,27.2,13.4,1.6,1241,2034,5,19,2,11363.16,12616.387499999999
2034-06-11,S001,Clothing,15509.86,1,0,582,31.6,13.1,6.8,1480,2034,6,23,2,9516.0,12167.082499999999
2034-07-09,S001,Beauty,14771.68,0,0,666,35.8,7.9,2.6,1501,2034,7,27,3,15509.86,12790.175
2034-09-17,S001,Grocery,12844.0,0,0,565,30.9,4.1,1.3,1305,2034,9,37,3,14771.68,13160.384999999998
2034-10-01,S001,Home,12002.39,0,0,457,34.4,13.6,3.7,1390,2034,10,39,4,12844.0,13781.982499999998
2034-10-08,S001,Electronics,17794.2,1,0,599,27.7,7.5,24.1,1592,2034,10,40,4,12002.39,14353.067499999997
2035-03-04,S001,Home,18236.57,1,0,580,32.7,20.7,28.3,1516,2035,3,9,1,17794.2,15219.289999999997
2035-03-11,S001,Electronics,11521.88,0,0,444,30.5,4.0,1.4,1151,2035,3,10,1,18236.57,14888.759999999997
2035-04-08,S001,Grocery,16456.15,1,0,633,28.4,4.1,25.3,1428,2035,4,14,2,11521.88,16002.199999999997
2035-04-22,S001,Home,14435.81,0,0,614,26.7,3.2,4.9,1365,2035,4,16,2,16456.15,15162.602499999997
2035-04-29,S001,Home,17363.44,1,0,778,27.8,8.3,27.9,1766,2035,4,17,2,14435.81,14944.319999999998
2035-05-06,S001,Grocery,8898.08,0,0,338,29.4,13.5,0.4,1280,2035,5,18,2,17363.44,14288.369999999999
2035-08-26,S001,Home,16911.05,1,0,757,35.4,2.5,15.6,1568,2035,8,34,3,8898.08,14402.094999999998
2035-09-09,S001,Clothing,16585.1,1,0,629,29.6,17.6,23.7,1661,2035,9,36,3,16911.05,14939.417499999998
2035-09-16,S001,Clothing,18345.02,1,0,692,39.1,0.7,11.6,1717,2035,9,37,3,16585.1,15184.812499999996
2035-09-23,S001,Grocery,16916.24,1,0,588,33.6,5.7,27.0,1478,2035,9,38,3,18345.02,17189.352499999997
2035-10-14,S001,Grocery,22599.59,1,1,907,24.8,19.1,20.3,1746,2035,10,41,4,16916.24,18611.4875
2036-02-10,S001,Electronics,19060.79,1,0,644,38.2,6.6,25.1,1703,2036,2,6,1,22599.59,19230.41
2036-03-02,S001,Electronics,12752.13,0,0,524,30.1,0.8,0.7,1148,2036,3,9,1,19060.79,17832.187499999996
2036-03-09,S001,Electronics,15095.81,1,0,676,25.3,20.8,5.8,1455,2036,3,10,1,12752.13,17377.079999999998
2036-03-16,S001,Electronics,16992.78,1,0,592,36.8,9.1,27.0,1590,2036,3,11,1,15095.81,15975.377499999999
2036-06-08,S001,Electronics,12033.9,0,0,532,30.2,14.0,2.2,1347,2036,6,23,2,16992.78,14218.654999999997
2036-07-27,S001,Electronics,17745.0,1,0,606,35.5,5.4,8.1,1584,2036,7,30,3,12033.9,15466.872499999998
2036-08-03,S001,Electronics,20056.57,1,0,818,28.8,29.7,29.7,1787,2036,8,31,3,17745.0,16707.0625
2036-08-17,S001,Grocery,18521.35,1,0,630,28.6,4.4,7.9,1600,2036,8,33,3,20056.57,17089.204999999998
2036-09-14,S001,Electronics,15933.15,1,0,571,36.1,8.4,11.4,1377,2036,9,37,3,18521.35,18064.017499999998
2036-10-05,S001,Beauty,16369.24,1,0,648,23.6,13.9,6.4,1600,2036,10,40,4,15933.15,17720.0775
2036-10-19,S001,Beauty,8790.61,0,0,469,29.1,31.9,1.7,1324,2036,10,42,4,16369.24,14903.587499999998
2036-11-02,S001,Electronics,15445.38,1,0,540,27.9,12.0,17.9,1561,2036,11,44,4,8790.61,14134.594999999998
2036-11-16,S001,Home,9406.9,0,0,451,37.7,14.9,1.8,1244,2036,11,46,4,15445.38,12503.032499999998
2036-12-07,S001,Beauty,15672.19,1,0,580,29.3,8.2,13.9,1504,2036,12,49,4,9406.9,12328.769999999999
2037-02-22,S001,Electronics,10550.21,0,0,412,27.9,2.8,2.1,1263,2037,2,8,1,15672.19,12768.669999999998
2037-03-08,S001,Clothing,9392.08,0,0,469,26.5,12.9,2.6,1205,2037,3,10,1,10550.21,11255.344999999998
2037-03-15,S001,Beauty,12921.86,0,0,502,36.8,1.8,4.7,1375,2037,3,11,1,9392.08,12134.085
2037-04-19,S001,Beauty,12251.52,0,0,507,31.7,16.2,0.2,1222,2037,4,16,2,12921.86,11278.917499999998
2037-04-26,S001,Electronics,8770.58,0,0,417,35.1,34.1,2.9,1228,2037,4,17,2,12251.52,10834.009999999998
2037-07-05,S001,Grocery,13351.28,0,1,598,22.7,16.9,4.6,1250,2037,7,27,3,8770.58,11823.809999999998
2037-08-02,S001,Electronics,16026.75,1,0,610,29.6,3.1,17.4,1481,2037,8,31,3,13351.28,12600.032499999998
2037-08-09,S001,Beauty,10826.51,0,0,492,25.0,8.9,0.6,1265,2037,8,32,3,16026.75,12243.779999999999
2037-11-22,S001,Beauty,12426.61,0,0,375,25.6,11.8,4.6,1210,2037,11,47,4,10826.51,13157.787499999999
2037-11-29,S001,Grocery,13341.41,0,0,503,29.9,14.0,0.7,1337,2037,11,48,4,12426.61,13155.319999999998
2037-12-27,S001,Electronics,11411.15,0,0,544,40.0,6.0,0.6,1345,2037,12,52,4,13341.41,12001.419999999998
2038-01-31,S001,Beauty,10332.19,0,0,473,29.5,3.9,2.9,1190,2038,1,4,1,11411.15,11877.839999999998
2038-02-14,S001,Home,19124.95,1,0,760,30.9,7.2,18.7,1678,2038,2,6,1,10332.19,13552.424999999997
2038-05-09,S001,Beauty,17676.04,1,0,733,31.3,9.8,17.3,1653,2038,5,18,2,19124.95,14636.082499999999
2038-06-06,S001,Home,11190.89,0,0,592,26.7,9.8,0.4,1316,2038,6,22,2,17676.04,14581.017499999998
2038-10-03,S001,Home,7626.82,0,0,423,24.1,26.0,2.4,1192,2038,10,39,4,11190.89,13904.674999999997
2038-10-17,S001,Grocery,11461.02,0,0,534,34.6,3.1,4.1,1276,2038,10,41,4,7626.82,11988.692499999997
2038-11-14,S001,Home,17051.64,1,0,730,29.1,6.8,22.8,1507,2038,11,45,4,11461.02,11832.592499999999
2038-12-12,S001,Home,10101.62,0,0,434,30.0,4.0,3.0,1419,2038,12,49,4,17051.64,11560.274999999998
2038-12-26,S001,Home,13609.27,0,0,629,26.8,8.2,0.8,1458,2038,12,51,4,10101.62,13055.887499999999
2039-01-02,S001,Clothing,9807.81,0,0,468,26.9,14.8,0.6,1357,2039,1,52,1,13609.27,12642.585
2039-01-23,S001,Electronics,12064.5,0,0,539,28.3,5.3,1.1,1129,2039,1,3,1,9807.81,11395.8
2039-02-13,S001,Beauty,13070.98,0,0,504,29.3,1.6,3.0,1282,2039,2,6,1,12064.5,12138.14
2039-02-20,S001,Home,10389.99,0,0,546,31.6,29.4,3.2,1426,2039,2,7,1,13070.98,11333.319999999998
2039-07-03,S001,Electronics,10514.6,0,0,402,29.1,8.9,1.7,1198,2039,7,26,3,10389.99,11510.017499999998
2039-07-31,S001,Grocery,12072.11,0,0,457,28.6,6.8,3.0,1273,2039,7,30,3,10514.6,11511.919999999998
2039-08-07,S001,Clothing,18974.76,0,1,790,31.5,17.5,4.3,1450,2039,8,31,3,12072.11,12987.864999999998
2039-08-28,S001,Home,19607.81,1,1,864,28.0,6.7,8.2,1765,2039,8,34,3,18974.76,15292.319999999998
2039-09-04,S001,Beauty,17089.74,0,1,821,29.3,19.1,0.1,1532,2039,9,35,3,19607.81,16936.105
2039-09-25,S001,Electronics,12382.27,0,0,490,26.8,1.9,3.0,1371,2039,9,38,3,17089.74,17013.644999999997
2039-10-23,S001,Grocery,14718.93,0,1,584,33.1,17.5,0.6,1391,2039,10,42,4,12382.27,15949.6875
2039-11-27,S001,Electronics,17025.62,0,1,668,26.7,1.4,2.8,1395,2039,11,47,4,14718.93,15304.14
2039-12-25,S001,Electronics,11032.24,0,0,407,21.7,5.5,1.7,1131,2039,12,51,4,17025.62,13789.764999999998
2040-02-26,S001,Grocery,11487.79,0,0,481,32.9,13.0,4.1,1278,2040,2,8,1,11032.24,13566.144999999999
2040-03-04,S001,Clothing,11652.2,0,0,489,32.4,11.0,2.9,1297,2040,3,9,1,11487.79,12799.462499999998
2040-04-08,S001,Home,11798.4,0,0,566,25.4,8.0,1.5,1250,2040,4,14,2,11652.2,11492.6575
2040-06-17,S001,Beauty,10245.8,0,0,468,30.7,12.9,3.2,1247,2040,6,24,2,11798.4,11296.047499999997
2040-07-01,S001,Clothing,17936.7,0,1,738,32.4,3.7,1.5,1336,2040,7,26,3,10245.8,12908.274999999998
2040-09-23,S001,Clothing,9487.38,0,0,405,27.7,10.5,0.2,1313,2040,9,38,3,17936.7,12367.069999999998
2040-10-07,S001,Grocery,8208.2,0,0,475,33.7,8.9,1.4,1169,2040,10,40,4,9487.38,11469.519999999999
2040-10-21,S001,Grocery,16305.61,0,1,687,34.3,18.2,2.4,1534,2040,10,42,4,8208.2,12984.4725
2040-12-16,S001,Grocery,8380.88,0,0,451,31.7,7.8,1.7,1344,2040,12,50,4,16305.61,10595.517499999998
2041-02-24,S001,Grocery,16402.43,1,0,541,29.3,8.0,29.5,1681,2041,2,8,1,8380.88,12324.279999999999
2041-03-10,S001,Beauty,10744.56,0,0,427,34.0,5.3,4.9,1258,2041,3,10,1,16402.43,12958.369999999997
2041-03-17,S001,Electronics,18520.1,1,0,664,36.8,2.3,22.6,1739,2041,3,11,1,10744.56,13511.992499999997
2041-03-24,S001,Electronics,15363.51,0,1,597,23.4,25.8,2.3,1519,2041,3,12,1,18520.1,15257.649999999998
2041-04-14,S001,Beauty,13954.5,1,0,631,32.3,24.9,5.8,1766,2041,4,15,2,15363.51,14645.667499999998
2041-06-02,S001,Home,12507.38,0,0,545,21.9,8.2,2.9,1384,2041,6,22,2,13954.5,15086.372499999998
2041-07-07,S001,Clothing,10464.4,0,0,526,29.4,7.3,1.0,1517,2041,7,27,3,12507.38,13072.447499999998
2041-08-04,S001,Clothing,10603.36,0,0,474,32.1,8.9,2.0,1231,2041,8,31,3,10464.4,11882.409999999998
2041-10-20,S001,Electronics,23568.82,1,1,940,35.0,2.2,25.8,1789,2041,10,42,4,10603.36,14285.989999999998
2041-11-10,S001,Beauty,16674.16,1,0,627,22.1,7.0,19.6,1668,2041,11,45,4,23568.82,15327.684999999998
2041-12-08,S001,Home,8098.13,0,0,370,29.9,12.0,2.3,1280,2041,12,49,4,16674.16,14736.117499999998
2041-12-15,S001,Clothing,17472.49,0,1,759,31.3,13.1,1.7,1426,2041,12,50,4,8098.13,16453.399999999998
2041-12-22,S001,Electronics,23318.83,1,1,864,30.0,4.4,7.6,1722,2041,12,51,4,17472.49,16390.9025
2041-12-29,S001,Home,10221.43,0,0,503,26.7,4.8,1.6,1333,2041,12,52,4,23318.83,14777.719999999998
2042-01-05,S001,Electronics,9872.79,0,0,420,33.3,3.9,0.7,1309,2042,1,1,1,10221.43,15221.384999999998
2042-03-16,S001,Beauty,18147.99,1,0,682,27.0,24.4,27.6,1559,2042,3,11,1,9872.79,15390.259999999998
2042-04-20,S001,Home,12248.03,0,0,504,21.7,7.3,2.9,1366,2042,4,16,2,18147.99,12622.559999999998
2042-04-27,S001,Home,10921.7,0,0,419,29.7,13.2,4.0,1136,2042,4,17,2,12248.03,12797.6275
2042-05-25,S001,Beauty,12675.49,0,0,578,25.3,14.4,1.5,1293,2042,5,21,2,10921.7,13498.3025
2042-07-13,S001,Electronics,16440.92,0,1,711,32.3,6.3,2.7,1409,2042,7,28,3,12675.49,13071.534999999998
2043-02-08,S001,Beauty,14699.99,0,1,676,28.4,4.1,4.8,1344,2043,2,6,1,16440.92,13684.524999999998
2043-02-15,S001,Grocery,10227.95,0,0,495,31.1,10.9,2.6,1417,2043,2,7,1,14699.99,13511.087499999998
2024-02-11,S002,Beauty,12628.27,0,0,714,28.5,2.1,4.1,1473,2024,2,6,1,13152.005000000001,12628.27
2024-04-07,S002,Grocery,20408.17,1,0,794,36.5,2.1,19.5,1542,2024,4,14,2,12628.27,16518.22
2024-04-21,S002,Grocery,11908.88,0,0,545,29.4,3.0,0.6,1269,2024,4,16,2,20408.17,14981.773333333333
2024-05-26,S002,Grocery,9325.97,0,0,418,30.9,8.3,0.3,1412,2024,5,21,2,11908.88,13567.822499999998
2024-07-14,S002,Electronics,10243.84,0,0,452,33.3,2.0,1.5,1136,2024,7,28,3,9325.97,12971.714999999998
2024-10-06,S002,Electronics,17472.96,1,0,698,32.7,13.8,28.1,1692,2024,10,40,4,10243.84,12237.912499999999
2024-11-03,S002,Grocery,18742.45,0,1,708,26.5,6.4,1.8,1597,2024,11,44,4,17472.96,13946.305
2024-11-10,S002,Clothing,12331.29,0,0,502,32.1,12.7,4.4,1282,2024,11,45,4,18742.45,14697.635
2024-11-24,S002,Home,9404.26,0,0,456,27.5,16.7,1.7,1052,2024,11,47,4,12331.29,14487.74
2024-12-08,S002,Clothing,11567.7,0,0,546,21.7,7.8,1.9,1411,2024,12,49,4,9404.26,13011.425
2025-02-09,S002,Home,7347.96,0,0,406,21.5,22.6,1.9,1281,2025,2,6,1,11567.7,10162.8025
2025-02-23,S002,Beauty,11475.17,0,0,473,31.8,11.1,1.3,1362,2025,2,8,1,7347.96,9948.7725
2025-03-02,S002,Grocery,21786.72,1,1,882,19.0,6.3,11.3,1693,2025,3,9,1,11475.17,13044.3875
2025-03-23,S002,Grocery,20109.79,1,0,775,35.6,0.5,24.9,1852,2025,3,12,1,21786.72,15179.91
2025-03-30,S002,Grocery,11512.04,0,0,613,28.5,12.3,0.9,1448,2025,3,13,1,20109.79,16220.93
2025-04-13,S002,Home,12131.21,0,0,563,30.6,12.1,0.1,1237,2025,4,15,2,11512.04,16384.940000000002
2025-04-20,S002,Beauty,13690.07,1,0,598,21.5,4.0,17.7,1703,2025,4,16,2,12131.21,14360.7775
2025-06-01,S002,Clothing,11051.8,0,0,426,36.9,14.3,3.7,1477,2025,6,22,2,13690.07,12096.279999999999
2025-06-15,S002,Grocery,10694.51,0,0,410,31.1,10.9,1.0,1465,2025,6,24,2,11051.8,11891.897500000001
2025-11-16,S002,Grocery,11006.16,0,0,598,33.0,4.9,2.1,1436,2025,11,46,4,10694.51,11610.635
2025-11-23,S002,Home,10276.25,0,0,424,29.2,5.6,1.7,1236,2025,11,47,4,11006.16,10757.18
2025-12-28,S002,Clothing,17900.67,1,0,662,30.9,5.1,25.3,1515,2025,12,52,4,10276.25,12469.3975
2026-03-29,S002,Home,17899.42,0,1,718,34.0,9.7,3.8,1534,2026,3,13,1,17900.67,14270.625
2026-04-19,S002,Electronics,9507.31,0,0,367,29.2,5.9,0.1,1085,2026,4,16,2,17899.42,13895.9125
2026-04-26,S002,Electronics,16829.33,1,0,666,31.3,7.7,9.8,1664,2026,4,17,2,9507.31,15534.1825
2026-08-23,S002,Clothing,18003.04,1,0,691,27.6,24.5,20.6,1760,2026,8,34,3,16829.33,15559.775000000001
2026-08-30,S002,Home,12824.41,0,0,519,27.9,1.1,2.9,1306,2026,8,35,3,18003.04,14291.022500000003
2026-11-08,S002,Electronics,12620.31,0,0,611,24.5,5.1,3.9,1423,2026,11,45,4,12824.41,15069.272500000003
2027-03-07,S002,Electronics,9769.62,0,0,435,39.6,4.4,1.4,1385,2027,3,9,1,12620.31,13304.345000000001
2027-04-25,S002,Beauty,11450.41,0,0,542,31.0,24.0,4.3,1365,2027,4,16,2,9769.62,11666.187500000002
2027-05-16,S002,Grocery,10972.49,0,0,456,29.4,10.0,3.5,1239,2027,5,19,2,11450.41,11203.207500000002
2027-07-11,S002,Electronics,17141.98,1,0,691,23.8,14.6,19.3,1781,2027,7,27,3,10972.49,12333.625000000002
2027-07-18,S002,Beauty,8999.37,0,0,459,34.3,16.5,3.7,1338,2027,7,28,3,17141.98,12141.062500000002
2027-08-29,S002,Beauty,9576.72,0,0,356,27.7,6.3,4.7,1151,2027,8,34,3,8999.37,11672.640000000003
2027-09-19,S002,Electronics,16503.21,1,0,676,18.7,5.6,18.3,1756,2027,9,37,3,9576.72,13055.320000000003
2027-11-07,S002,Electronics,10841.31,0,0,463,22.5,17.6,4.1,1223,2027,11,44,4,16503.21,11480.152500000002
2028-02-06,S002,Home,21607.92,1,1,775,30.7,12.5,26.9,1707,2028,2,5,1,10841.31,14632.29
2028-03-26,S002,Electronics,15502.21,0,1,560,32.9,27.2,2.2,1334,2028,3,12,1,21607.92,16113.6625
2028-05-07,S002,Clothing,10527.01,0,0,332,24.5,21.7,2.0,1218,2028,5,18,2,15502.21,14619.612500000001
2028-05-14,S002,Grocery,22534.69,1,1,990,27.2,7.8,20.1,1759,2028,5,19,2,10527.01,17542.9575
2028-06-04,S002,Clothing,11810.04,0,0,568,36.9,9.4,0.9,1262,2028,6,22,2,22534.69,15093.487500000001
2028-07-09,S002,Beauty,12293.91,0,0,556,28.4,7.8,0.9,1271,2028,7,27,3,11810.04,14291.412500000002
2028-12-17,S002,Clothing,15478.02,0,1,554,22.1,4.2,2.3,1348,2028,12,50,4,12293.91,15529.165
2028-12-24,S002,Grocery,13462.95,0,0,507,25.5,3.5,1.0,1149,2028,12,51,4,15478.02,13261.230000000003
2028-12-31,S002,Beauty,19296.76,1,0,787,29.3,13.7,21.7,1944,2028,12,52,4,13462.95,15132.910000000002
2029-05-20,S002,Grocery,13619.07,1,0,452,27.1,16.9,7.5,1343,2029,5,20,2,19296.76,15464.200000000003
2029-12-30,S002,Electronics,13083.11,0,0,554,33.8,17.3,4.8,1244,2029,12,52,4,13619.07,14865.472500000002
2030-01-13,S002,Beauty,15275.21,1,0,656,31.9,15.1,17.0,1692,2030,1,2,1,13083.11,15318.5375
2030-01-20,S002,Electronics,10159.63,0,0,445,28.9,12.3,4.5,1405,2030,1,3,1,15275.21,13034.255000000001
2030-02-03,S002,Electronics,21476.71,1,1,818,21.5,3.2,14.2,1812,2030,2,5,1,10159.63,14998.665
2030-02-10,S002,Clothing,10130.15,0,0,450,29.6,10.1,5.0,1334,2030,2,6,1,21476.71,14260.425000000001
2030-02-24,S002,Electronics,9646.6,0,0,447,31.7,0.6,2.2,1301,2030,2,8,1,10130.15,12853.272500000001
2030-03-03,S002,Clothing,16574.1,1,0,620,31.9,19.3,21.3,1687,2030,3,9,1,9646.6,14456.890000000001
2030-03-10,S002,Beauty,11564.37,0,0,510,27.2,16.1,1.5,1274,2030,3,10,1,16574.1,11978.805000000002
2030-04-21,S002,Beauty,23101.52,1,1,873,18.4,13.7,15.0,1782,2030,4,16,2,11564.37,15221.647500000001
2030-04-28,S002,Grocery,11591.23,0,0,419,28.5,6.3,3.5,1369,2030,4,17,2,23101.52,15707.805
2030-05-12,S002,Beauty,9955.82,0,0,593,23.5,12.4,3.3,1325,2030,5,19,2,11591.23,14053.235
2030-06-09,S002,Grocery,15394.17,0,1,616,31.3,11.8,1.2,1370,2030,6,23,2,9955.82,15010.685000000001
2030-08-11,S002,Electronics,11779.47,0,0,514,29.6,26.9,4.1,1401,2030,8,32,3,15394.17,12180.1725
2030-08-18,S002,Home,13712.77,0,0,551,28.3,5.1,0.7,1351,2030,8,33,3,11779.47,12710.557500000003
2030-09-08,S002,Grocery,9372.27,0,0,452,24.7,11.3,0.9,1394,2030,9,36,3,13712.77,12564.670000000002
2030-09-22,S002,Beauty,14335.62,0,0,543,26.0,19.7,5.0,1370,2030,9,38,3,9372.27,12300.032500000001
2030-09-29,S002,Grocery,9907.17,0,0,429,27.0,15.1,2.8,1085,2030,9,39,3,14335.62,11831.9575
2030-10-20,S002,Home,9856.7,0,0,427,33.9,14.2,2.1,1297,2030,10,42,4,9907.17,10867.940000000002
2031-02-09,S002,Home,8955.01,0,0,501,23.9,13.6,4.8,1231,2031,2,6,1,9856.7,10763.625000000002
2031-02-23,S002,Beauty,11375.93,0,0,414,32.9,13.3,2.3,1394,2031,2,8,1,8955.01,10023.702500000003
2031-03-30,S002,Electronics,17276.27,1,0,626,31.7,3.7,23.2,1606,2031,3,13,1,11375.93,11865.9775
2031-04-06,S002,Grocery,8704.61,0,0,368,30.9,10.8,2.7,1177,2031,4,14,2,17276.27,11577.955000000002
2031-04-20,S002,Grocery,12899.71,0,0,558,26.2,5.6,2.2,1228,2031,4,16,2,8704.61,12564.130000000001
2031-06-01,S002,Grocery,18126.59,0,1,717,34.7,12.0,2.8,1492,2031,6,22,2,12899.71,14251.795000000002
2031-06-08,S002,Grocery,12861.57,0,0,441,25.3,3.9,3.9,1378,2031,6,23,2,18126.59,13148.12
2031-06-22,S002,Home,11559.12,0,0,446,36.1,4.9,1.6,1443,2031,6,25,2,12861.57,13861.747500000001
2031-08-31,S002,Clothing,11545.8,0,0,598,32.8,3.5,2.6,1431,2031,8,35,3,11559.12,13523.27
2031-11-16,S002,Clothing,8732.17,0,0,375,24.9,6.5,0.3,1290,2031,11,46,4,11545.8,11174.665
2031-11-23,S002,Clothing,26186.16,1,1,919,30.8,4.4,17.7,1733,2031,11,47,4,8732.17,14505.8125
2031-12-28,S002,Grocery,17886.16,1,0,790,30.0,9.8,7.8,1613,2031,12,52,4,26186.16,16087.5725
2032-01-04,S002,Electronics,22169.94,1,1,864,41.5,3.5,23.0,1652,2032,1,1,1,17886.16,18743.607500000002
2032-01-25,S002,Grocery,12152.7,0,0,589,29.3,5.7,4.6,1404,2032,1,4,1,22169.94,19598.74
2032-02-08,S002,Beauty,7278.63,0,0,330,31.8,12.4,2.2,1360,2032,2,6,1,12152.7,14871.8575
2032-02-15,S002,Clothing,12162.87,0,0,505,27.1,0.7,1.4,1226,2032,2,7,1,7278.63,13441.035000000002
2032-02-29,S002,Electronics,10458.44,0,0,461,22.6,19.8,1.9,1295,2032,2,9,1,12162.87,10513.160000000002
2032-04-04,S002,Electronics,11111.97,0,0,418,31.5,6.3,3.4,1275,2032,4,14,2,10458.44,10252.9775
2032-05-16,S002,Beauty,13020.32,0,0,563,29.0,6.5,4.4,1416,2032,5,20,2,11111.97,11688.400000000001
2032-08-15,S002,Clothing,18294.9,1,0,642,32.9,2.2,29.8,1567,2032,8,33,3,13020.32,13221.407500000001
2032-09-26,S002,Beauty,14442.58,1,0,640,32.2,10.0,9.4,1753,2032,9,39,3,18294.9,14217.442500000001
2032-10-17,S002,Grocery,9890.38,0,0,474,21.4,5.6,2.3,1305,2032,10,42,4,14442.58,13912.045
2032-11-07,S002,Home,10243.52,0,0,412,36.0,13.3,1.2,1087,2032,11,45,4,9890.38,13217.845000000001
2032-11-21,S002,Home,15118.58,0,1,657,29.2,3.2,4.4,1404,2032,11,47,4,10243.52,12423.765000000001
2032-11-28,S002,Beauty,11893.27,0,0,458,27.5,13.7,2.1,1106,2032,11,48,4,15118.58,11786.437500000002
2032-12-05,S002,Clothing,11273.27,0,0,573,28.8,17.7,4.6,1427,2032,12,49,4,11893.27,12132.160000000002
2032-12-12,S002,Beauty,18584.23,1,0,736,35.7,6.9,27.5,1779,2032,12,50,4,11273.27,14217.337500000001
2033-01-09,S002,Electronics,11494.24,0,0,475,25.2,4.2,4.8,1489,2033,1,1,1,18584.23,13311.2525
2033-01-23,S002,Clothing,12169.68,0,0,513,36.7,7.8,0.1,1359,2033,1,3,1,11494.24,13380.355000000001
2033-04-03,S002,Clothing,11202.81,0,0,530,32.1,16.1,1.4,1477,2033,4,13,2,12169.68,13362.740000000002
2033-05-22,S002,Clothing,17513.15,0,1,679,25.9,18.6,4.0,1448,2033,5,20,2,11202.81,13094.970000000001
2033-11-27,S002,Clothing,13181.14,0,0,501,32.8,3.4,0.2,1144,2033,11,47,4,17513.15,13516.695000000003
2034-03-05,S002,Beauty,10931.51,0,0,536,27.6,7.6,0.7,1126,2034,3,9,1,13181.14,13207.152500000002
2034-03-12,S002,Home,21054.82,1,0,757,29.3,10.2,29.1,1673,2034,3,10,1,10931.51,15670.155
2034-03-19,S002,Grocery,10554.45,0,0,478,30.3,11.9,2.7,1375,2034,3,11,1,21054.82,13930.48
2034-04-30,S002,Clothing,10378.27,0,0,390,22.8,21.4,1.7,1184,2034,4,17,2,10554.45,13229.7625
2034-05-21,S002,Home,15682.66,1,0,581,37.8,4.1,12.8,1745,2034,5,20,2,10378.27,14417.550000000003
2034-05-28,S002,Clothing,16216.68,1,0,751,27.9,10.5,12.7,1798,2034,5,21,2,15682.66,13208.015000000003
2034-07-02,S002,Home,17225.92,1,0,661,25.2,8.2,19.8,1601,2034,7,26,3,16216.68,14875.882500000003
2034-07-16,S002,Beauty,10028.25,0,0,359,37.2,10.0,3.0,1234,2034,7,28,3,17225.92,14788.377500000002
2034-07-30,S002,Clothing,10451.47,0,0,575,25.9,3.2,2.9,1423,2034,7,30,3,10028.25,13480.58
2034-08-06,S002,Home,6883.12,0,0,532,28.9,15.3,2.4,1282,2034,8,31,3,10451.47,11147.19
2034-12-10,S002,Home,9736.03,0,0,485,37.9,5.6,2.6,1359,2034,12,49,4,6883.12,9274.717500000002
2034-12-17,S002,Grocery,18926.94,1,0,751,24.5,4.1,28.1,1630,2034,12,50,4,9736.03,11499.390000000001
2035-01-21,S002,Electronics,9785.02,0,0,464,32.0,20.6,1.1,1163,2035,1,3,1,18926.94,11332.7775
2035-02-04,S002,Clothing,16276.19,0,1,619,30.8,3.4,4.3,1320,2035,2,5,1,9785.02,13681.045000000002
2035-05-20,S002,Home,10713.65,0,0,481,30.8,3.3,3.0,1322,2035,5,20,2,16276.19,13925.450000000003
2035-09-02,S002,Grocery,14872.36,1,0,661,32.1,7.4,11.2,1538,2035,9,35,3,10713.65,12911.805000000002
2035-11-04,S002,Grocery,11997.54,0,0,424,27.5,8.9,4.5,1252,2035,11,44,4,14872.36,13464.935000000003
2035-12-02,S002,Grocery,9161.16,0,0,455,25.4,10.0,0.6,1332,2035,12,48,4,11997.54,11686.177500000002
2035-12-23,S002,Grocery,11457.37,0,0,542,28.4,2.2,1.3,1318,2035,12,51,4,9161.16,11872.107500000002
2035-12-30,S002,Grocery,14986.37,0,1,676,28.3,8.0,1.3,1377,2035,12,52,4,11457.37,11900.610000000002
2036-01-13,S002,Grocery,17923.67,1,0,767,25.0,7.6,13.1,1636,2036,1,2,1,14986.37,13382.142500000002
2036-05-18,S002,Grocery,8896.17,0,0,427,29.1,13.8,0.3,1090,2036,5,20,2,17923.67,13315.895
2036-06-15,S002,Home,12379.81,0,0,552,25.8,2.5,2.0,1246,2036,6,24,2,8896.17,13546.505000000001
2036-06-22,S002,Home,10811.64,0,0,410,27.1,4.4,0.7,1250,2036,6,25,2,12379.81,12502.822500000002
2036-06-29,S002,Clothing,11506.24,0,0,536,24.9,7.5,2.5,1185,2036,6,26,2,10811.64,10898.465000000002
2036-08-10,S002,Clothing,11054.89,0,0,459,19.6,8.0,5.0,1242,2036,8,32,3,11506.24,11438.145000000002
2036-09-07,S002,Clothing,13073.25,0,0,489,27.9,19.7,3.8,1229,2036,9,36,3,11054.89,11611.505000000001
2036-10-26,S002,Clothing,12493.67,0,0,573,32.0,4.6,3.3,1378,2036,10,43,4,13073.25,12032.0125
2037-02-01,S002,Clothing,17907.59,1,0,571,31.3,2.3,19.0,1581,2037,2,5,1,12493.67,13632.350000000002
2037-02-08,S002,Clothing,10677.91,0,0,404,29.8,8.5,1.3,1264,2037,2,6,1,17907.59,13538.105000000001
2037-05-03,S002,Beauty,18521.04,1,0,700,21.1,8.9,16.0,1698,2037,5,18,2,10677.91,14900.052500000002
2037-05-17,S002,Beauty,11895.89,0,0,491,20.0,4.6,4.4,1338,2037,5,20,2,18521.04,14750.607500000002
2037-05-24,S002,Home,19935.21,1,0,656,26.1,2.2,25.5,1820,2037,5,21,2,11895.89,15257.512500000003
2037-05-31,S002,Home,9473.46,0,0,418,36.5,24.9,3.7,1200,2037,5,22,2,19935.21,14956.400000000001
2037-06-21,S002,Home,11392.47,0,0,583,29.2,4.3,2.2,1518,2037,6,25,2,9473.46,13174.257500000002
2037-08-30,S002,Electronics,10045.35,0,0,494,32.7,24.5,2.9,1260,2037,8,35,3,11392.47,12711.622500000001
2037-09-27,S002,Clothing,17171.89,0,1,693,31.3,6.8,4.3,1478,2037,9,39,3,10045.35,12020.792500000001
2037-10-04,S002,Clothing,12386.51,0,0,544,35.8,7.9,3.1,1322,2037,10,40,4,17171.89,12749.055000000002
2037-10-11,S002,Electronics,9758.47,0,0,331,33.5,6.7,0.1,1100,2037,10,41,4,12386.51,12340.555
2037-10-18,S002,Beauty,14401.92,0,0,653,25.7,8.2,3.5,1616,2037,10,42,4,9758.47,13429.697500000002
2037-11-08,S002,Beauty,14659.06,1,0,520,32.7,11.1,13.9,1704,2037,11,45,4,14401.92,12801.490000000002
2037-12-13,S002,Electronics,8243.46,0,0,425,23.7,4.8,0.0,1240,2037,12,50,4,14659.06,11765.7275
2038-01-24,S002,Beauty,17712.89,1,0,740,30.5,4.0,6.1,1573,2038,1,3,1,8243.46,13754.3325
2038-02-07,S002,Grocery,14943.06,1,0,566,24.8,8.3,16.4,1535,2038,2,5,1,17712.89,13889.6175
2038-03-14,S002,Electronics,12536.8,0,0,495,33.8,5.5,3.6,1392,2038,3,10,1,14943.06,13359.052500000002
2038-03-28,S002,Clothing,15475.2,1,0,627,30.9,4.3,12.9,1672,2038,3,12,1,12536.8,15166.987500000001
2038-07-11,S002,Electronics,11443.87,0,0,514,35.3,4.0,3.8,1217,2038,7,27,3,15475.2,13599.732500000002
2038-07-25,S002,Electronics,10742.89,0,0,532,25.1,9.3,3.1,1314,2038,7,29,3,11443.87,12549.690000000002
2038-08-29,S002,Home,12445.12,0,0,489,35.0,3.1,3.7,1284,2038,8,34,3,10742.89,12526.770000000002
2038-09-12,S002,Home,16190.43,1,0,673,34.3,12.0,18.4,1631,2038,9,36,3,12445.12,12705.577500000003
2038-10-31,S002,Beauty,17043.74,1,0,646,34.0,16.2,15.3,1727,2038,10,43,4,16190.43,14105.545000000002
2038-11-07,S002,Beauty,19488.6,0,1,828,31.3,3.2,2.6,1481,2038,11,44,4,17043.74,16291.972500000002
2038-11-21,S002,Beauty,17841.06,1,0,626,26.7,2.2,9.5,1624,2038,11,46,4,19488.6,17640.9575
2038-12-19,S002,Home,12900.92,0,0,583,33.1,16.3,3.0,1281,2038,12,50,4,17841.06,16818.58
2039-01-30,S002,Electronics,19576.61,0,1,801,30.1,4.1,0.9,1465,2039,1,4,1,12900.92,17451.7975
2039-03-20,S002,Clothing,18977.69,1,0,700,28.9,5.3,16.9,1540,2039,3,11,1,19576.61,17324.070000000003
2039-04-03,S002,Beauty,10372.86,0,0,468,33.6,13.9,2.0,1296,2039,4,13,2,18977.69,15457.020000000004
2039-04-17,S002,Beauty,12393.85,0,0,567,31.4,13.7,4.6,1243,2039,4,15,2,10372.86,15330.252500000002
2039-06-05,S002,Beauty,18805.21,1,0,543,23.8,5.0,28.8,1472,2039,6,22,2,12393.85,15137.402500000002
2039-06-12,S002,Electronics,10233.75,0,0,402,27.5,15.7,4.1,1329,2039,6,23,2,18805.21,12951.417500000003
2039-07-24,S002,Beauty,18418.24,1,0,673,31.1,6.5,25.8,1586,2039,7,29,3,10233.75,14962.762500000004
2039-08-14,S002,Electronics,18873.24,0,1,810,29.5,4.3,1.3,1535,2039,8,32,3,18418.24,16582.61
2039-10-09,S002,Electronics,11254.24,0,0,466,31.0,9.9,2.9,1301,2039,10,40,4,18873.24,14694.867500000002
2039-11-06,S002,Beauty,16654.05,1,0,736,31.6,5.4,9.0,1661,2039,11,44,4,11254.24,16299.942500000003
2039-11-20,S002,Grocery,16738.97,0,1,652,31.8,11.8,2.1,1519,2039,11,46,4,16654.05,15880.125000000004
2039-12-18,S002,Electronics,15283.72,1,0,596,30.0,4.3,23.3,1650,2039,12,50,4,16738.97,14982.745000000003
2040-01-15,S002,Grocery,9910.66,0,0,456,28.6,3.2,3.2,1099,2040,1,2,1,15283.72,14646.850000000002
2040-01-22,S002,Home,17436.25,1,0,690,27.1,11.4,10.5,1595,2040,1,3,1,9910.66,14842.400000000001
2040-05-13,S002,Grocery,20372.26,1,1,900,29.4,23.4,7.6,1738,2040,5,19,2,17436.25,15750.7225
2040-07-08,S002,Home,15758.25,0,1,764,26.6,24.6,2.9,1290,2040,7,27,3,20372.26,15869.355
2040-07-22,S002,Beauty,10758.83,0,0,563,31.1,8.5,2.9,1498,2040,7,29,3,15758.25,16081.397500000001
2040-08-26,S002,Beauty,8397.82,0,0,342,34.9,9.3,1.3,1409,2040,8,34,3,10758.83,13821.79
2040-10-28,S002,Home,15656.95,0,0,674,35.8,5.4,1.5,1420,2040,10,43,4,8397.82,12642.962500000003
2040-12-23,S002,Grocery,8539.75,0,0,336,30.2,16.2,3.6,1339,2040,12,51,4,15656.95,10838.337500000001
2040-12-30,S002,Grocery,9144.14,0,0,403,24.3,8.2,1.8,1143,2040,12,52,4,8539.75,10434.665000000003
2041-01-13,S002,Home,12415.49,0,0,495,31.1,1.3,2.3,1373,2041,1,2,1,9144.14,11439.082500000002
2041-01-27,S002,Clothing,12167.76,0,0,565,34.1,6.3,0.5,1492,2041,1,4,1,12415.49,10566.785000000002
2041-02-10,S002,Electronics,10250.25,0,0,423,42.0,5.0,3.7,1439,2041,2,6,1,12167.76,10994.410000000002
2041-05-12,S002,Beauty,14866.83,0,1,703,20.7,8.1,2.7,1423,2041,5,19,2,10250.25,12425.0825
2041-06-09,S002,Home,13291.06,1,0,601,30.6,6.4,14.9,1529,2041,6,23,2,14866.83,12643.975000000002
2041-10-06,S002,Beauty,17083.49,0,1,749,27.7,23.5,2.1,1406,2041,10,40,4,13291.06,13872.907500000001
2041-11-03,S002,Home,15401.01,1,0,668,27.2,15.0,20.2,1599,2041,11,44,4,17083.49,15160.597500000002
2041-11-17,S002,Home,11925.05,0,0,518,30.4,7.5,3.6,1377,2041,11,46,4,15401.01,14425.152500000002
2042-01-12,S002,Electronics,19813.06,1,0,701,30.9,5.0,28.8,1810,2042,1,2,1,11925.05,16055.652500000002
2042-02-23,S002,Clothing,13639.85,1,0,550,34.0,3.2,19.6,1674,2042,2,8,1,19813.06,15194.742500000002
2042-06-08,S002,Clothing,18182.01,1,0,634,27.8,14.1,17.4,1585,2042,6,23,2,13639.85,15889.992500000002
2042-06-15,S002,Beauty,13674.74,1,0,436,31.3,8.5,23.6,1502,2042,6,24,2,18182.01,16327.415000000003
2042-07-06,S002,Grocery,12606.63,0,0,503,35.2,3.4,2.6,1335,2042,7,27,3,13674.74,14525.807500000003
2042-09-28,S002,Home,19082.76,1,0,728,23.6,11.1,21.4,1534,2042,9,39,3,12606.63,15886.535000000002
2042-11-09,S002,Grocery,17434.93,1,0,734,22.1,16.3,10.8,1643,2042,11,45,4,19082.76,15699.765000000001
2042-12-21,S002,Electronics,8198.94,0,0,373,30.4,8.9,2.8,1040,2042,12,51,4,17434.93,14330.815000000002
2042-12-28,S002,Beauty,16288.03,1,0,590,24.9,7.3,14.9,1629,2042,12,52,4,8198.94,15251.165
2043-01-18,S002,Home,18405.02,1,0,722,29.5,1.3,12.2,1591,2043,1,3,1,16288.03,15081.730000000003
2043-02-01,S002,Grocery,15795.45,0,1,636,25.3,7.7,1.0,1435,2043,2,5,1,18405.02,14671.860000000002
2024-01-21,S003,Home,11943.66,0,0,540,35.0,18.5,1.6,1159,2024,1,3,1,13152.005000000001,11943.66
2024-02-18,S003,Electronics,16008.88,1,0,641,23.2,19.1,29.1,1727,2024,2,7,1,11943.66,13976.27
2024-02-25,S003,Grocery,10573.05,0,0,400,26.3,11.0,4.7,1192,2024,2,8,1,16008.88,12841.863333333333
2024-03-03,S003,Home,16608.15,1,0,666,36.3,5.0,11.8,1606,2024,3,9,1,10573.05,13783.435
2024-03-24,S003,Clothing,17517.46,1,0,697,28.8,14.9,16.5,1742,2024,3,12,1,16608.15,15176.885
2024-06-30,S003,Beauty,9483.92,0,0,436,27.8,9.4,4.0,1395,2024,6,26,2,17517.46,13545.644999999999
2024-07-07,S003,Grocery,11828.37,0,0,543,27.8,3.1,2.4,1255,2024,7,27,3,9483.92,13859.475
2024-08-04,S003,Beauty,11685.75,0,0,362,34.9,1.8,1.2,1555,2024,8,31,3,11828.37,12628.875
2024-09-01,S003,Home,11187.83,0,0,547,34.7,13.7,0.0,1140,2024,9,35,3,11685.75,11046.4675
2024-09-15,S003,Electronics,12066.89,0,0,538,27.9,6.0,0.3,1334,2024,9,37,3,11187.83,11692.210000000001
2025-01-19,S003,Beauty,16226.79,1,0,711,31.2,16.2,14.2,1623,2025,1,3,1,12066.89,12791.815
2025-09-21,S003,Grocery,19603.41,1,0,779,33.0,0.8,16.8,1909,2025,9,38,3,16226.79,14771.23
2025-09-28,S003,Beauty,10836.23,0,0,409,32.7,8.5,3.5,1181,2025,9,39,3,19603.41,14683.329999999998
2025-10-12,S003,Electronics,12280.22,0,0,420,29.3,24.1,3.1,1162,2025,10,41,4,10836.23,14736.662499999999
2025-10-19,S003,Electronics,15424.35,1,0,605,32.7,10.9,15.9,1883,2025,10,42,4,12280.22,14536.052499999998
2025-11-02,S003,Electronics,16628.54,1,0,520,35.2,11.8,27.6,1477,2025,11,44,4,15424.35,13792.335
2026-01-18,S003,Grocery,10269.38,0,0,531,33.5,1.2,0.1,1325,2026,1,3,1,16628.54,13650.622500000001
2026-02-01,S003,Clothing,17251.07,1,0,754,26.4,4.2,13.0,1686,2026,2,5,1,10269.38,14893.335000000001
2026-02-08,S003,Clothing,13303.44,0,0,515,33.8,6.8,4.3,1285,2026,2,6,1,17251.07,14363.107500000002
2026-02-22,S003,Home,16372.11,1,0,617,35.9,14.7,6.1,1608,2026,2,8,1,13303.44,14299.0
2026-03-08,S003,Clothing,12202.35,0,0,550,29.1,0.2,4.0,1444,2026,3,10,1,16372.11,14782.2425
2026-04-05,S003,Beauty,10679.2,0,0,492,28.1,14.3,0.1,1334,2026,4,14,2,12202.35,13139.275000000001
2026-05-17,S003,Clothing,17163.1,0,1,729,18.0,9.7,3.5,1436,2026,5,20,2,10679.2,14104.189999999999
2026-07-05,S003,Electronics,11565.09,0,0,431,26.2,2.8,2.5,1317,2026,7,27,3,17163.1,12902.435
2026-08-02,S003,Clothing,16247.37,1,0,632,34.5,6.2,19.3,1672,2026,8,31,3,11565.09,13913.69
2026-08-09,S003,Electronics,12799.88,0,0,570,25.6,6.1,4.9,1419,2026,8,32,3,16247.37,14443.859999999999
2026-11-01,S003,Home,9707.04,0,0,528,29.7,12.8,0.9,1352,2026,11,44,4,12799.88,12579.845
2026-12-20,S003,Electronics,9678.1,0,0,431,32.2,20.5,3.9,1284,2026,12,51,4,9707.04,12108.0975
2027-01-24,S003,Beauty,13262.17,0,0,529,31.2,6.9,1.0,1225,2027,1,3,1,9678.1,11361.7975
2027-01-31,S003,Grocery,17130.28,0,1,758,23.4,1.1,0.9,1536,2027,1,4,1,13262.17,12444.3975
2027-02-28,S003,Electronics,17119.12,1,0,652,25.5,3.1,29.2,1650,2027,2,8,1,17130.28,14297.4175
2027-03-21,S003,Beauty,11539.93,0,0,487,32.4,17.3,3.0,1146,2027,3,11,1,17119.12,14762.875
2027-05-23,S003,Electronics,23125.97,1,1,885,22.4,8.9,17.1,1697,2027,5,20,2,11539.93,17228.825
2027-06-27,S003,Home,13103.88,0,0,572,24.7,11.8,4.5,1339,2027,6,25,2,23125.97,16222.225
2027-08-22,S003,Home,11122.11,0,0,528,24.4,10.5,2.3,1146,2027,8,33,3,13103.88,14722.9725
2027-10-03,S003,Grocery,17264.43,1,0,696,32.2,5.9,14.9,1694,2027,10,39,4,11122.11,16154.0975
2027-10-10,S003,Electronics,18528.74,1,0,824,34.8,7.9,22.3,1687,2027,10,40,4,17264.43,15004.79
2027-11-14,S003,Home,16588.13,1,0,637,28.4,12.6,16.8,1581,2027,11,45,4,18528.74,15875.8525
2027-12-12,S003,Beauty,12307.81,0,0,562,30.1,4.9,0.2,1250,2027,12,49,4,16588.13,16172.2775
2027-12-26,S003,Clothing,18531.73,1,0,717,27.4,0.2,18.6,1677,2027,12,51,4,12307.81,16489.1025
2028-01-16,S003,Beauty,14245.18,0,1,705,30.2,14.6,1.4,1245,2028,1,2,1,18531.73,15418.2125
2028-01-30,S003,Clothing,12125.31,0,0,486,28.6,8.6,0.3,1215,2028,1,4,1,14245.18,14302.5075
2028-02-13,S003,Grocery,10249.79,0,0,478,26.1,27.0,4.1,1223,2028,2,6,1,12125.31,13788.0025
2028-02-20,S003,Clothing,15973.75,1,0,604,29.2,5.6,16.3,1687,2028,2,7,1,10249.79,13148.5075
2028-04-09,S003,Home,16580.15,1,0,800,34.6,1.8,9.7,1650,2028,4,14,2,15973.75,13732.25
2028-05-21,S003,Clothing,16399.73,1,0,724,28.8,5.1,8.0,1751,2028,5,20,2,16580.15,14800.855
2028-08-13,S003,Grocery,12646.55,0,0,455,23.9,0.9,4.9,1187,2028,8,32,3,16399.73,15400.045
2028-09-03,S003,Electronics,11519.27,0,0,496,30.1,0.9,0.5,1081,2028,9,35,3,12646.55,14286.425
2028-09-10,S003,Grocery,10318.55,0,0,402,30.9,7.7,3.0,1287,2028,9,36,3,11519.27,12721.025
2028-09-17,S003,Clothing,15718.72,1,0,584,32.8,7.9,5.6,1490,2028,9,37,3,10318.55,12550.7725
2028-10-15,S003,Home,14136.4,1,0,643,36.5,5.7,6.5,1776,2028,10,41,4,15718.72,12923.235
2028-11-12,S003,Home,13635.41,0,0,475,32.2,2.0,4.8,1439,2028,11,45,4,14136.4,13452.269999999999
2028-11-26,S003,Beauty,17732.77,1,0,732,29.0,18.8,22.3,1630,2028,11,47,4,13635.41,15305.825
2029-01-07,S003,Grocery,12380.83,0,0,465,31.2,4.9,1.2,1144,2029,1,1,1,17732.77,14471.352499999999
2029-03-11,S003,Grocery,16881.74,1,0,691,26.5,3.1,12.6,1722,2029,3,10,1,12380.83,15157.6875
2029-04-08,S003,Clothing,16028.81,1,0,632,29.5,2.9,9.9,1618,2029,4,14,2,16881.74,15756.0375
2029-04-15,S003,Electronics,23898.95,1,1,877,32.3,11.8,22.3,1721,2029,4,15,2,16028.81,17297.582500000004
2029-04-29,S003,Beauty,9750.68,0,0,463,33.4,0.8,0.1,1352,2029,4,17,2,23898.95,16640.045000000002
2029-05-06,S003,Electronics,18709.39,1,0,631,36.6,6.4,16.7,1682,2029,5,18,2,9750.68,17096.9575
2029-05-13,S003,Electronics,12680.6,0,0,592,34.3,28.3,1.5,1476,2029,5,19,2,18709.39,16259.905
2029-07-15,S003,Clothing,11214.77,0,0,487,28.8,13.5,4.8,1397,2029,7,28,3,12680.6,13088.86
2029-07-29,S003,Electronics,9513.56,0,0,407,31.6,18.7,2.3,1184,2029,7,30,3,11214.77,13029.58
2029-09-16,S003,Clothing,10509.86,0,0,532,27.6,0.5,2.1,1342,2029,9,37,3,9513.56,10979.6975
2029-11-04,S003,Clothing,12426.51,0,0,487,30.3,12.7,3.4,1243,2029,11,44,4,10509.86,10916.175000000001
2029-12-23,S003,Beauty,15143.66,1,0,513,31.8,11.9,15.1,1513,2029,12,51,4,12426.51,11898.3975
2030-01-27,S003,Home,11360.17,0,0,432,33.4,15.4,1.4,1386,2030,1,4,1,15143.66,12360.05
2030-02-17,S003,Electronics,10720.24,0,0,339,27.6,6.3,1.3,1373,2030,2,7,1,11360.17,12412.645
2030-04-07,S003,Clothing,21550.34,1,0,753,33.4,0.6,26.8,1708,2030,4,14,2,10720.24,14693.602499999999
2030-05-05,S003,Beauty,10658.95,0,0,528,25.8,12.0,0.4,1273,2030,5,18,2,21550.34,13572.425
2030-07-28,S003,Clothing,15703.48,1,0,546,28.4,13.4,20.0,1537,2030,7,30,3,10658.95,14658.2525
2030-08-25,S003,Electronics,18212.02,1,0,700,26.2,2.9,13.4,1435,2030,8,34,3,15703.48,16531.1975
2030-10-27,S003,Home,9561.64,0,0,598,32.1,2.8,1.5,1480,2030,10,43,4,18212.02,13534.0225
2031-01-19,S003,Home,9270.79,0,0,438,32.8,2.3,3.4,1318,2031,1,3,1,9561.64,13186.982500000002
2031-03-02,S003,Clothing,11503.86,0,0,527,22.5,7.9,4.2,1153,2031,3,9,1,9270.79,12137.0775
2031-03-16,S003,Electronics,19105.75,1,0,666,31.7,3.6,17.6,1663,2031,3,11,1,11503.86,12360.51
2031-08-17,S003,Electronics,18434.22,1,0,591,33.0,6.9,29.7,1507,2031,8,33,3,19105.75,14578.655
2031-09-07,S003,Clothing,18640.47,1,0,581,31.1,3.4,24.5,1668,2031,9,36,3,18434.22,16921.075
2032-02-22,S003,Clothing,17219.38,1,0,636,30.9,6.7,14.2,1746,2032,2,8,1,18640.47,18349.955
2032-04-25,S003,Beauty,10686.39,0,0,430,27.2,21.5,0.3,1314,2032,4,17,2,17219.38,16245.115000000002
2032-05-23,S003,Grocery,12471.96,0,0,460,30.2,8.2,1.1,1159,2032,5,21,2,10686.39,14754.55
2032-06-27,S003,Electronics,18795.65,1,0,767,26.5,4.4,18.0,1941,2032,6,26,2,12471.96,14793.345000000001
2032-07-04,S003,Clothing,12247.62,0,0,506,28.5,1.8,3.4,1164,2032,7,27,3,18795.65,13550.404999999999
2032-07-25,S003,Beauty,11767.75,0,0,561,29.1,0.9,2.0,1304,2032,7,30,3,12247.62,13820.744999999999
2032-08-22,S003,Home,10160.09,0,0,484,26.3,8.1,2.6,1329,2032,8,34,3,11767.75,13242.777500000002
2032-10-10,S003,Beauty,12511.57,0,0,438,30.1,5.2,0.8,1353,2032,10,41,4,10160.09,11671.757500000002
2032-10-24,S003,Beauty,16081.33,0,1,458,33.5,4.8,2.0,1319,2032,10,43,4,12511.57,12630.185000000001
2032-12-19,S003,Electronics,19172.31,1,0,733,20.0,5.1,14.9,1723,2032,12,51,4,16081.33,14481.325
2033-02-06,S003,Electronics,15264.44,0,0,572,25.4,16.1,5.0,1396,2033,2,5,1,19172.31,15757.4125
2033-04-24,S003,Grocery,11733.86,0,0,544,30.0,12.8,1.1,1390,2033,4,16,2,15264.44,15562.985
2033-05-08,S003,Home,17517.24,1,0,643,31.8,8.1,29.6,1702,2033,5,18,2,11733.86,15921.9625
2033-07-10,S003,Beauty,19329.65,1,0,765,30.8,2.8,16.0,1820,2033,7,27,3,17517.24,15961.2975
2033-08-28,S003,Clothing,18031.28,0,1,797,27.6,12.0,1.1,1497,2033,8,34,3,19329.65,16653.0075
2033-09-04,S003,Grocery,10359.69,0,0,464,25.6,23.6,1.0,1306,2033,9,35,3,18031.28,16309.465
2033-10-16,S003,Clothing,18074.96,1,0,695,35.6,5.3,22.9,1708,2033,10,41,4,10359.69,16448.895
2033-11-20,S003,Home,9751.82,0,0,478,37.2,11.1,2.1,1099,2033,11,46,4,18074.96,14054.4375
2033-12-18,S003,Beauty,10882.02,0,0,507,34.9,14.6,2.8,1280,2033,12,50,4,9751.82,12267.122500000001
2034-01-15,S003,Grocery,9423.76,0,0,453,36.4,18.8,4.1,1424,2034,1,2,1,10882.02,12033.14
2034-04-02,S003,Beauty,10257.22,0,0,533,31.8,12.1,0.0,1382,2034,4,13,2,9423.76,10078.705
2034-04-16,S003,Beauty,17270.78,1,0,670,25.4,6.7,20.4,1586,2034,4,15,2,10257.22,11958.445
2034-04-23,S003,Beauty,18654.06,0,1,725,23.3,1.7,3.0,1562,2034,4,16,2,17270.78,13901.454999999998
2034-07-23,S003,Beauty,23721.9,1,1,917,23.3,15.8,15.4,1805,2034,7,29,3,18654.06,17475.99
2034-09-03,S003,Clothing,18505.48,1,0,726,38.7,5.7,21.1,1829,2034,9,35,3,23721.9,19538.055
2034-11-12,S003,Home,9322.92,0,0,489,23.7,12.3,3.3,1173,2034,11,45,4,18505.48,17551.09
2034-12-03,S003,Clothing,12457.75,0,0,423,29.7,16.1,4.2,1224,2034,12,48,4,9322.92,16002.0125
2034-12-24,S003,Grocery,12655.22,0,0,492,32.0,7.9,4.4,1084,2034,12,51,4,12457.75,13235.342499999999
2034-12-31,S003,Beauty,11112.38,0,0,426,36.0,9.3,2.5,1213,2034,12,52,4,12655.22,11387.0675
2035-03-18,S003,Clothing,13018.76,0,0,421,29.1,11.8,0.9,1302,2035,3,11,1,11112.38,12311.0275
2035-07-08,S003,Beauty,14736.79,1,0,629,22.9,9.8,9.3,1676,2035,7,27,3,13018.76,12880.7875
2035-08-05,S003,Beauty,9876.19,0,0,444,31.8,10.5,3.0,1293,2035,8,31,3,14736.79,12186.03
2035-08-12,S003,Grocery,10736.94,0,0,497,34.4,11.6,1.0,1233,2035,8,32,3,9876.19,12092.170000000002
2035-10-07,S003,Home,21894.38,1,1,935,24.9,8.4,9.9,1750,2035,10,40,4,10736.94,14311.075
2035-10-21,S003,Home,10259.37,0,0,448,31.2,16.4,3.4,1363,2035,10,42,4,21894.38,13191.720000000001
2036-02-24,S003,Electronics,17370.47,1,0,652,28.5,3.4,18.0,1566,2036,2,8,1,10259.37,15065.29
2036-05-04,S003,Grocery,12143.17,0,0,495,30.5,7.6,3.3,1311,2036,5,18,2,17370.47,15416.8475
2036-05-25,S003,Electronics,11036.72,0,0,456,29.6,5.9,0.7,1321,2036,5,21,2,12143.17,12702.4325
2036-07-06,S003,Clothing,17268.33,1,0,740,33.9,23.5,10.8,1800,2036,7,27,3,11036.72,14454.6725
2036-08-24,S003,Home,14157.0,0,1,676,29.7,33.4,4.2,1283,2036,8,34,3,17268.33,13651.305
2036-09-21,S003,Home,10322.9,0,0,455,32.7,14.0,0.6,1236,2036,9,38,3,14157.0,13196.237500000001
2036-09-28,S003,Home,10474.95,0,0,565,26.3,12.3,1.0,1437,2036,9,39,3,10322.9,13055.795
2036-11-09,S003,Clothing,18273.17,0,1,758,32.0,1.5,2.9,1448,2036,11,45,4,10474.95,13307.005
2036-12-28,S003,Electronics,10020.03,0,0,456,27.5,2.7,0.4,1478,2036,12,52,4,18273.17,12272.762499999999
2037-02-15,S003,Home,14775.21,1,0,660,32.0,23.6,10.0,1548,2037,2,7,1,10020.03,13385.839999999998
2037-03-22,S003,Beauty,19759.13,1,0,643,23.0,8.6,16.4,1482,2037,3,12,1,14775.21,15706.885
2037-06-07,S003,Home,10231.53,0,0,421,27.7,15.5,4.7,1081,2037,6,23,2,19759.13,13696.475
2037-06-14,S003,Home,12154.55,0,0,527,25.3,3.0,3.3,1399,2037,6,24,2,10231.53,14230.105000000001
2037-07-26,S003,Home,11350.93,0,0,523,37.4,9.7,3.4,1378,2037,7,30,3,12154.55,13374.035000000002
2037-09-06,S003,Electronics,17274.75,0,1,804,26.8,5.1,3.1,1500,2037,9,36,3,11350.93,12752.94
2037-09-13,S003,Home,12342.28,0,0,483,29.8,2.2,2.5,1292,2037,9,37,3,17274.75,13280.6275
2037-10-25,S003,Home,11064.44,0,0,586,35.5,9.3,2.1,1399,2037,10,43,4,12342.28,13008.1
2037-11-01,S003,Clothing,8796.61,0,0,462,31.3,9.0,2.8,1262,2037,11,44,4,11064.44,12369.52
2037-12-20,S003,Home,9140.35,0,0,545,31.4,16.9,4.6,1307,2037,12,51,4,8796.61,10335.92
2038-04-11,S003,Grocery,11556.2,0,0,434,30.9,5.9,1.4,1286,2038,4,14,2,9140.35,10139.400000000001
2038-04-18,S003,Home,12214.59,0,0,545,33.6,3.4,4.2,1304,2038,4,15,2,11556.2,10426.9375
2038-04-25,S003,Electronics,20018.98,1,0,636,28.8,2.4,25.0,1698,2038,4,16,2,12214.59,13232.53
2038-05-02,S003,Clothing,18097.36,1,0,645,35.2,1.2,16.0,1482,2038,5,17,2,20018.98,15471.782500000001
2038-05-16,S003,Beauty,10985.75,0,0,462,30.8,5.8,0.7,1307,2038,5,19,2,18097.36,15329.17
2038-06-13,S003,Beauty,13083.67,0,0,535,27.4,4.9,4.7,1469,2038,6,23,2,10985.75,15546.44
2038-06-20,S003,Clothing,11660.33,0,0,438,26.7,8.1,1.8,1197,2038,6,24,2,13083.67,13456.7775
2038-06-27,S003,Electronics,17444.54,1,0,642,25.7,1.2,10.5,1768,2038,6,25,2,11660.33,13293.5725
2038-08-01,S003,Home,9858.78,0,0,477,30.3,14.4,3.2,1349,2038,8,30,3,17444.54,13011.83
2038-08-08,S003,Grocery,7078.05,0,0,343,24.8,18.3,3.1,1183,2038,8,31,3,9858.78,11510.425000000001
2038-12-05,S003,Grocery,16651.99,1,0,687,38.2,7.7,28.5,1779,2038,12,48,4,7078.05,12758.34
2039-01-09,S003,Beauty,10657.4,0,0,442,34.3,11.4,4.9,1373,2039,1,1,1,16651.99,11061.555
2039-02-27,S003,Electronics,9766.85,0,0,458,32.8,10.2,0.4,1305,2039,2,8,1,10657.4,11038.572500000002
2039-04-24,S003,Grocery,9563.57,0,0,445,22.1,2.0,1.5,1097,2039,4,16,2,9766.85,11659.9525
2039-05-01,S003,Grocery,16875.98,1,0,623,30.2,2.6,8.5,1550,2039,5,17,2,9563.57,11715.95
2039-05-08,S003,Clothing,12760.23,0,0,639,37.6,4.8,3.9,1364,2039,5,18,2,16875.98,12241.6575
2039-05-15,S003,Home,20625.43,1,0,722,26.2,13.4,23.2,1750,2039,5,19,2,12760.23,14956.3025
2039-06-19,S003,Clothing,9814.52,0,0,277,32.4,1.9,0.0,1171,2039,6,24,2,20625.43,15019.04
2039-06-26,S003,Clothing,18891.26,0,1,703,27.5,3.7,2.8,1491,2039,6,25,2,9814.52,15522.86
2039-10-16,S003,Beauty,11063.92,0,0,482,30.9,2.7,0.3,1319,2039,10,41,4,18891.26,15098.7825
2039-12-11,S003,Electronics,11378.5,0,0,468,31.5,18.7,3.6,1370,2039,12,49,4,11063.92,12787.05
2040-01-29,S003,Clothing,11032.91,0,0,493,31.5,6.4,0.1,1277,2040,1,4,1,11378.5,13091.6475
2040-02-05,S003,Grocery,8147.64,0,0,431,31.2,24.5,3.5,1247,2040,2,5,1,11032.91,10405.7425
2040-04-01,S003,Electronics,17393.03,1,0,679,33.5,3.8,12.9,1621,2040,4,13,2,8147.64,11988.02
2040-04-15,S003,Electronics,18226.5,1,0,727,33.3,9.1,11.8,1744,2040,4,15,2,17393.03,13700.02
2040-04-22,S003,Electronics,17140.8,0,1,708,29.7,7.2,0.8,1574,2040,4,16,2,18226.5,15226.9925
2040-06-03,S003,Grocery,15539.32,1,0,512,25.5,11.4,7.4,1763,2040,6,22,2,17140.8,17074.9125
2040-06-24,S003,Grocery,11194.02,0,0,569,34.9,5.2,1.7,1226,2040,6,25,2,15539.32,15525.16
2040-07-15,S003,Electronics,12718.4,0,0,421,39.9,15.0,2.5,1242,2040,7,28,3,11194.02,14148.135
2040-07-29,S003,Home,17538.39,1,0,602,35.1,20.4,26.0,1597,2040,7,30,3,12718.4,14247.532500000001
2040-09-09,S003,Clothing,12068.06,0,0,501,33.5,14.7,0.5,1287,2040,9,36,3,17538.39,13379.717499999999
2040-11-11,S003,Beauty,12774.1,0,0,572,26.7,4.5,1.9,1220,2040,11,45,4,12068.06,13774.7375
2040-12-02,S003,Beauty,17526.78,1,0,507,27.9,2.8,18.1,1520,2040,12,48,4,12774.1,14976.8325
2040-12-09,S003,Grocery,17544.89,1,0,601,35.4,15.9,25.2,1713,2040,12,49,4,17526.78,14978.4575
2041-03-31,S003,Home,17000.6,1,0,683,22.9,10.6,7.5,1733,2041,3,13,1,17544.89,16211.592499999999
2041-04-07,S003,Beauty,10506.26,0,0,479,27.5,2.2,2.0,1279,2041,4,14,2,17000.6,15644.632499999998
2041-05-26,S003,Beauty,18951.36,1,0,740,26.7,1.0,22.3,1700,2041,5,21,2,10506.26,16000.7775
2041-06-23,S003,Electronics,10160.31,0,0,507,29.5,6.1,1.1,1404,2041,6,25,2,18951.36,14154.6325
2041-06-30,S003,Home,11483.21,0,0,470,28.2,5.5,1.1,1404,2041,6,26,2,10160.31,12775.284999999998
2041-07-28,S003,Beauty,8261.2,0,0,358,27.1,17.6,3.9,1062,2041,7,30,3,11483.21,12214.02
2041-08-25,S003,Grocery,17013.55,1,0,544,26.0,11.4,17.0,1515,2041,8,34,3,8261.2,11729.5675
2041-09-22,S003,Home,15684.07,0,1,614,35.7,2.5,4.4,1393,2041,9,38,3,17013.55,13110.5075
2041-09-29,S003,Beauty,16255.8,1,0,646,24.1,0.7,15.4,1598,2041,9,39,3,15684.07,14303.654999999999
2041-11-24,S003,Clothing,15810.45,1,0,615,38.2,13.2,17.2,1642,2041,11,47,4,16255.8,16190.967499999999
2042-01-26,S003,Beauty,14416.17,1,0,655,26.1,7.6,6.3,1589,2042,1,4,1,15810.45,15541.6225
2042-02-02,S003,Home,11263.46,0,0,521,35.2,20.0,3.1,1302,2042,2,5,1,14416.17,14436.47
2042-02-09,S003,Electronics,12253.76,0,0,536,32.7,9.8,2.2,1389,2042,2,6,1,11263.46,13435.960000000001
2042-02-16,S003,Grocery,10989.53,0,0,484,27.8,7.3,0.4,1397,2042,2,7,1,12253.76,12230.73
2042-03-30,S003,Electronics,16470.25,1,0,669,31.9,1.5,9.8,1686,2042,3,13,1,10989.53,12744.25
2042-05-18,S003,Home,19410.49,1,0,776,25.8,8.1,25.0,1841,2042,5,20,2,16470.25,14781.0075
2042-06-29,S003,Home,18248.12,1,0,659,30.7,10.2,17.5,1624,2042,6,26,2,19410.49,16279.5975
2042-10-05,S003,Electronics,11841.02,0,0,522,25.1,11.3,2.0,1467,2042,10,40,4,18248.12,16492.47
2042-10-12,S003,Clothing,14644.53,0,0,632,30.6,6.7,4.8,1521,2042,10,41,4,11841.02,16036.04
2042-10-19,S003,Home,14555.76,0,0,636,26.4,9.1,2.1,1133,2042,10,42,4,14644.53,14822.357499999998
2042-11-16,S003,Electronics,11742.96,0,0,457,32.6,2.5,1.2,1225,2042,11,46,4,14555.76,13196.067500000001
2042-11-23,S003,Clothing,11040.2,0,0,432,33.2,6.1,3.7,1231,2042,11,47,4,11742.96,12995.8625
2042-12-14,S003,Grocery,13169.34,0,0,509,26.6,17.0,3.9,1411,2042,12,50,4,11040.2,12627.064999999999
2043-01-04,S003,Grocery,23715.57,1,1,911,22.8,6.4,29.1,1885,2043,1,1,1,13169.34,14917.017500000002
2043-03-01,S003,Clothing,5835.49,0,0,326,30.7,15.3,2.1,1223,2043,3,9,1,23715.57,13440.15
2024-01-07,S004,Home,9433.81,0,0,413,29.8,4.7,1.5,1226,2024,1,1,1,13152.005000000001,9433.81
2024-03-17,S004,Grocery,8442.33,0,0,464,29.0,23.6,3.6,1254,2024,3,11,1,9433.81,8938.07
2024-04-14,S004,Clothing,11284.69,0,0,478,38.9,19.8,4.8,1082,2024,4,15,2,8442.33,9720.276666666667
2024-04-28,S004,Beauty,18846.4,1,0,624,31.2,6.2,20.7,1730,2024,4,17,2,11284.69,12001.8075
2024-05-19,S004,Home,9456.62,0,0,505,25.3,7.1,1.8,1204,2024,5,20,2,18846.4,12007.510000000002
2024-06-09,S004,Clothing,12610.33,0,0,527,27.6,10.6,2.2,1337,2024,6,23,2,9456.62,13049.510000000002
2024-07-21,S004,Home,11168.15,0,0,460,25.6,16.1,3.2,1278,2024,7,29,3,12610.33,13020.375
2024-07-28,S004,Grocery,16150.69,1,0,661,30.9,10.0,16.9,1607,2024,7,30,3,11168.15,12346.4475
2024-08-11,S004,Electronics,8229.3,0,0,383,27.9,7.1,3.7,1297,2024,8,32,3,16150.69,12039.6175
2024-08-18,S004,Grocery,16304.18,1,0,696,27.1,3.8,10.3,1627,2024,8,33,3,8229.3,12963.079999999998
2024-10-13,S004,Clothing,14254.05,0,0,449,31.6,5.2,1.2,1237,2024,10,41,4,16304.18,13734.555
2024-10-27,S004,Clothing,9625.32,0,0,591,26.6,23.7,2.6,1303,2024,10,43,4,14254.05,12103.2125
2024-12-15,S004,Grocery,8678.83,0,0,481,27.7,12.4,1.6,1182,2024,12,50,4,9625.32,12215.595000000001
2024-12-22,S004,Home,12510.69,0,0,459,29.9,27.0,3.4,1200,2024,12,51,4,8678.83,11267.2225
2024-12-29,S004,Beauty,9815.21,0,0,422,26.4,9.9,1.4,1332,2024,12,52,4,12510.69,10157.5125
2025-01-05,S004,Grocery,18930.69,1,0,546,26.3,6.8,28.3,1430,2025,1,1,1,9815.21,12483.855
2025-02-02,S004,Electronics,17446.27,1,0,754,21.0,13.5,18.0,1590,2025,2,5,1,18930.69,14675.715
2025-02-16,S004,Electronics,15572.48,0,1,629,27.6,8.7,3.3,1623,2025,2,7,1,17446.27,15441.162499999999
2025-03-09,S004,Grocery,17739.54,1,0,725,28.0,4.3,15.2,1799,2025,3,10,1,15572.48,17422.245000000003
2025-04-06,S004,Home,12084.44,0,0,474,31.5,11.4,3.8,990,2025,4,14,2,17739.54,15710.6825
2025-04-27,S004,Grocery,18582.02,0,1,785,33.1,5.1,1.9,1486,2025,4,17,2,12084.44,15994.62
2025-05-04,S004,Grocery,19334.19,1,0,743,30.9,5.0,20.3,1593,2025,5,18,2,18582.02,16935.0475
2025-06-29,S004,Beauty,14676.17,1,0,611,28.3,19.7,12.6,1719,2025,6,26,2,19334.19,16169.205
2025-07-06,S004,Clothing,9432.24,0,0,421,27.7,10.8,1.7,1450,2025,7,27,3,14676.17,15506.154999999999
2025-07-13,S004,Electronics,15233.98,0,1,628,31.3,8.9,2.8,1415,2025,7,28,3,9432.24,14669.145
2025-09-14,S004,Home,12536.19,0,0,543,27.1,14.2,0.5,1183,2025,9,37,3,15233.98,12969.644999999999
2025-12-07,S004,Beauty,11237.37,0,0,518,30.4,3.5,1.1,1228,2025,12,49,4,12536.19,12109.945
2025-12-21,S004,Grocery,11547.31,0,0,529,29.5,7.8,4.6,1116,2025,12,51,4,11237.37,12638.7125
2026-01-25,S004,Beauty,19090.3,1,0,701,28.2,14.5,27.6,1837,2026,1,4,1,11547.31,13602.7925
2026-05-03,S004,Grocery,12025.47,0,0,563,25.4,11.1,1.8,1321,2026,5,18,2,19090.3,13475.112500000001
2026-05-31,S004,Clothing,10545.96,0,0,413,23.5,11.6,0.5,1115,2026,5,22,2,12025.47,13302.26
2026-06-14,S004,Beauty,10241.88,0,0,408,33.1,10.3,2.9,1278,2026,6,24,2,10545.96,12975.9025
2026-07-19,S004,Beauty,11375.74,0,0,432,33.7,1.8,2.0,1108,2026,7,29,3,10241.88,11047.262499999999
2026-08-16,S004,Electronics,10068.44,0,0,579,26.7,6.5,4.4,1567,2026,8,33,3,11375.74,10558.005
2026-09-27,S004,Grocery,17808.74,0,1,649,31.4,8.9,0.4,1455,2026,9,39,3,10068.44,12373.7
2026-10-04,S004,Electronics,13866.52,0,0,540,27.7,3.1,2.6,1350,2026,10,40,4,17808.74,13279.86
2026-10-11,S004,Beauty,11430.99,0,0,532,22.7,21.3,4.8,1187,2026,10,41,4,13866.52,13293.6725
2026-10-18,S004,Home,10451.18,0,0,423,31.1,19.1,3.5,1210,2026,10,42,4,11430.99,13389.3575
2026-10-25,S004,Clothing,18871.09,1,0,746,22.4,3.3,7.7,1785,2026,10,43,4,10451.18,13654.945000000002
2026-11-15,S004,Home,20450.68,1,0,643,37.9,1.9,29.5,1674,2026,11,46,4,18871.09,15300.985
2027-01-03,S004,Grocery,16756.78,0,1,744,31.1,4.3,3.5,1428,2027,1,53,1,20450.68,16632.432500000003
2027-03-14,S004,Beauty,9104.2,0,0,434,36.1,24.2,0.1,1273,2027,3,10,1,16756.78,16295.6875
2027-04-04,S004,Beauty,13581.79,0,0,506,29.2,8.0,1.5,1341,2027,4,13,2,9104.2,14973.3625
2027-05-02,S004,Electronics,13515.14,0,0,502,25.0,1.9,2.5,1289,2027,5,17,2,13581.79,13239.4775
2027-05-09,S004,Home,9994.39,0,0,398,31.3,5.4,0.7,1396,2027,5,18,2,13515.14,11548.880000000001
2027-07-25,S004,Clothing,11179.22,0,0,478,28.1,4.5,3.1,1270,2027,7,29,3,9994.39,12067.635
2027-09-12,S004,Beauty,12202.07,0,0,563,23.9,5.5,2.3,1323,2027,9,36,3,11179.22,11722.705
2027-09-26,S004,Beauty,18862.43,1,0,642,28.2,10.9,28.6,1529,2027,9,38,3,12202.07,13059.527499999998
2027-10-31,S004,Electronics,11413.05,0,0,425,34.6,5.5,3.8,1264,2027,10,43,4,18862.43,13414.192500000001
2027-12-05,S004,Clothing,16430.6,0,1,622,28.0,9.1,4.2,1313,2027,12,48,4,11413.05,14727.037499999999
2028-01-02,S004,Electronics,15498.47,0,1,684,31.8,6.8,1.0,1493,2028,1,52,1,16430.6,15551.137499999999
2028-01-09,S004,Beauty,9619.09,0,0,407,26.1,5.3,1.6,1154,2028,1,1,1,15498.47,13240.3025
2028-01-23,S004,Clothing,18598.18,0,1,609,31.8,1.2,2.7,1312,2028,1,3,1,9619.09,15036.585000000001
2028-02-27,S004,Clothing,12559.06,0,0,447,32.4,10.6,1.2,1239,2028,2,8,1,18598.18,14068.7
2028-03-05,S004,Electronics,10302.15,0,0,518,30.6,1.3,2.3,1326,2028,3,9,1,12559.06,12769.62
2028-04-16,S004,Clothing,25350.66,1,1,1054,28.7,20.5,27.5,2022,2028,4,15,2,10302.15,16702.5125
2028-05-28,S004,Beauty,9784.77,0,0,439,26.9,13.7,1.9,1484,2028,5,21,2,25350.66,14499.16
2028-06-18,S004,Grocery,16961.75,1,0,628,27.8,9.8,19.7,1451,2028,6,24,2,9784.77,15599.8325
2028-06-25,S004,Electronics,17254.96,1,0,693,30.8,9.9,7.2,1711,2028,6,25,2,16961.75,17338.035
2028-07-23,S004,Grocery,15459.24,1,0,578,28.7,14.3,19.0,1670,2028,7,29,3,17254.96,14865.179999999998
2028-09-24,S004,Clothing,13698.17,0,0,626,24.9,10.9,4.8,1474,2028,9,38,3,15459.24,15843.529999999999
2028-10-08,S004,Beauty,12414.36,0,0,445,30.8,16.3,3.9,1327,2028,10,40,4,13698.17,14706.682499999999
2028-10-29,S004,Clothing,11596.88,0,0,519,37.3,12.1,2.2,1255,2028,10,43,4,12414.36,13292.1625
2028-11-05,S004,Electronics,19460.83,1,0,735,33.1,5.9,22.2,1683,2028,11,44,4,11596.88,14292.560000000001
2029-01-28,S004,Grocery,15053.25,0,1,678,22.2,1.4,2.2,1598,2029,1,4,1,19460.83,14631.330000000002
2029-02-11,S004,Clothing,14111.48,1,0,623,22.7,16.7,11.4,1822,2029,2,6,1,15053.25,15055.61
2029-03-04,S004,Beauty,12256.21,0,0,494,31.7,19.0,0.2,1198,2029,3,9,1,14111.48,15220.442500000001
2029-04-01,S004,Home,17025.95,1,0,599,32.3,13.6,22.9,1512,2029,4,13,2,12256.21,14611.7225
2029-06-10,S004,Electronics,20101.24,1,0,687,32.3,0.9,21.6,1617,2029,6,23,2,17025.95,15873.720000000001
2029-07-01,S004,Clothing,17909.65,1,0,605,25.4,13.9,9.8,1476,2029,7,26,3,20101.24,16823.2625
2029-07-22,S004,Beauty,11188.61,0,0,425,25.2,10.2,1.2,1171,2029,7,29,3,17909.65,16556.3625
2029-08-19,S004,Electronics,18102.24,0,1,886,27.0,1.4,2.1,1590,2029,8,33,3,11188.61,16825.435
2029-08-26,S004,Clothing,18487.11,0,1,725,34.2,5.3,1.4,1459,2029,8,34,3,18102.24,16421.9025
2029-09-23,S004,Home,13539.44,0,0,565,32.0,29.7,0.9,1246,2029,9,38,3,18487.11,15329.350000000002
2029-11-11,S004,Electronics,20120.16,1,0,690,28.4,10.6,15.9,1562,2029,11,45,4,13539.44,17562.237500000003
2029-11-25,S004,Grocery,15564.74,0,1,657,29.8,3.8,2.2,1289,2029,11,47,4,20120.16,16927.8625
2030-06-02,S004,Home,16840.99,1,0,565,35.3,4.3,13.6,1642,2030,6,22,2,15564.74,16516.3325
2030-06-23,S004,Grocery,19502.17,1,0,662,31.8,18.2,17.4,1665,2030,6,25,2,16840.99,18007.015
2030-07-07,S004,Beauty,11544.74,0,0,460,27.2,19.5,3.8,1491,2030,7,27,3,19502.17,15863.16
2030-07-21,S004,Grocery,11017.07,0,0,481,23.0,1.8,2.6,1405,2030,7,29,3,11544.74,14726.2425
2030-08-04,S004,Beauty,8601.88,0,0,384,30.6,18.6,0.9,1301,2030,8,31,3,11017.07,12666.465
2030-10-13,S004,Grocery,10710.69,0,0,491,28.0,5.7,1.6,1336,2030,10,41,4,8601.88,10468.595
2030-11-03,S004,Clothing,16358.04,1,0,608,33.9,10.3,8.1,1600,2030,11,44,4,10710.69,11671.92
2030-12-01,S004,Beauty,15075.58,0,1,670,26.9,5.1,0.0,1176,2030,12,48,4,16358.04,12686.5475
2030-12-08,S004,Clothing,9687.6,0,0,378,35.3,11.2,3.0,1270,2030,12,49,4,15075.58,12957.977499999999
2030-12-15,S004,Home,14491.73,0,0,576,25.2,3.6,4.6,1363,2030,12,50,4,9687.6,13903.237500000001
2030-12-29,S004,Beauty,15490.88,1,0,629,33.6,24.5,25.9,1465,2030,12,52,4,14491.73,13686.4475
2031-01-12,S004,Grocery,18491.38,1,0,719,28.4,3.6,5.6,1655,2031,1,2,1,15490.88,14540.3975
2031-01-26,S004,Home,11107.23,0,0,413,39.1,7.0,1.6,1434,2031,1,4,1,18491.38,14895.305
2031-02-16,S004,Beauty,17992.2,0,1,711,22.5,10.2,4.6,1406,2031,2,7,1,11107.23,15770.4225
2031-03-23,S004,Clothing,24693.74,1,1,987,30.7,7.2,19.0,1833,2031,3,12,1,17992.2,18071.1375
2031-05-11,S004,Clothing,11920.46,0,0,428,33.3,18.1,3.2,1181,2031,5,19,2,24693.74,16428.4075
2031-08-24,S004,Grocery,12288.47,0,0,481,35.5,15.3,2.0,1139,2031,8,34,3,11920.46,16723.7175
2031-10-05,S004,Grocery,11328.6,0,0,433,33.1,5.2,4.6,1231,2031,10,40,4,12288.47,15057.817500000001
2031-10-26,S004,Electronics,15796.11,0,1,736,21.9,21.7,2.1,1463,2031,10,43,4,11328.6,12833.41
2031-11-09,S004,Grocery,15061.9,0,0,524,37.6,5.0,3.4,1410,2031,11,45,4,15796.11,13618.77
2031-12-07,S004,Beauty,10901.23,0,0,435,25.0,2.8,4.1,1232,2031,12,49,4,15061.9,13271.96
2032-01-18,S004,Electronics,12246.26,0,0,437,34.2,18.7,2.7,1149,2032,1,3,1,10901.23,13501.375
2032-02-01,S004,Grocery,15731.13,0,1,586,33.1,3.1,4.5,1290,2032,2,5,1,12246.26,13485.13
2032-03-28,S004,Electronics,18517.42,1,0,810,34.2,6.8,9.2,1714,2032,3,13,1,15731.13,14349.009999999998
2032-04-18,S004,Home,13416.11,0,0,560,26.5,8.8,1.7,1227,2032,4,16,2,18517.42,14977.73
2032-05-02,S004,Home,18369.43,1,0,665,34.7,5.4,21.8,1705,2032,5,18,2,13416.11,16508.5225
2032-05-09,S004,Beauty,13760.11,0,0,516,35.7,8.7,3.8,1296,2032,5,19,2,18369.43,16015.7675
2032-05-30,S004,Electronics,13270.33,0,0,591,26.4,7.7,2.3,1319,2032,5,22,2,13760.11,14703.995
2032-07-18,S004,Clothing,12180.43,0,0,537,32.6,4.7,0.0,1489,2032,7,29,3,13270.33,14395.075
2032-08-29,S004,Grocery,16756.53,1,0,664,35.4,6.8,5.3,1728,2032,8,35,3,12180.43,13991.85
2032-09-19,S004,Grocery,8859.3,0,0,461,30.3,31.4,2.1,1270,2032,9,38,3,16756.53,12766.6475
2033-01-02,S004,Clothing,16243.68,1,0,709,31.4,4.6,16.2,1813,2033,1,53,1,8859.3,13509.985
2033-02-20,S004,Electronics,16645.06,1,0,699,31.4,12.1,8.9,1666,2033,2,7,1,16243.68,14626.1425
2033-03-27,S004,Beauty,16206.86,0,1,765,34.2,7.5,4.3,1341,2033,3,12,1,16645.06,14488.725
2033-05-15,S004,Beauty,12847.49,0,0,540,38.3,35.2,1.4,1344,2033,5,19,2,16206.86,15485.772500000001
2033-06-12,S004,Grocery,15371.69,1,0,686,29.8,8.5,6.4,1650,2033,6,23,2,12847.49,15267.775000000001
2033-08-07,S004,Home,18335.83,1,0,651,34.4,4.2,17.9,1693,2033,8,31,3,15371.69,15690.4675
2033-09-18,S004,Grocery,12011.25,0,0,607,33.7,3.9,1.1,1350,2033,9,37,3,18335.83,14641.565
2033-09-25,S004,Electronics,9630.54,0,0,382,23.8,9.0,2.9,1191,2033,9,38,3,12011.25,13837.327500000001
2033-10-23,S004,Electronics,11533.22,0,0,491,24.6,10.4,1.0,1271,2033,10,42,4,9630.54,12877.710000000001
2033-11-06,S004,Beauty,24697.9,1,1,889,29.4,13.9,21.1,1770,2033,11,44,4,11533.22,14468.2275
2033-11-13,S004,Home,12183.54,0,0,445,32.0,13.5,2.2,1296,2033,11,45,4,24697.9,14511.300000000001
2033-12-25,S004,Home,18727.65,1,0,668,26.1,13.2,21.1,1799,2033,12,51,4,12183.54,16785.5775
2034-01-08,S004,Clothing,18009.02,1,0,713,28.9,8.2,26.8,1603,2034,1,1,1,18727.65,18404.5275
2034-01-29,S004,Clothing,18211.53,1,0,701,29.5,10.4,19.0,1759,2034,1,4,1,18009.02,16782.935
2034-05-07,S004,Home,12751.15,0,0,650,24.6,5.9,2.9,1419,2034,5,18,2,18211.53,16924.8375
2034-06-04,S004,Clothing,10835.07,0,0,536,30.7,6.8,0.9,1192,2034,6,22,2,12751.15,14951.6925
2034-09-24,S004,Electronics,15701.03,1,0,591,34.1,8.8,5.8,1719,2034,9,38,3,10835.07,14374.695
2034-10-22,S004,Clothing,19395.77,0,1,780,30.3,5.4,3.6,1564,2034,10,42,4,15701.03,14670.755000000001
2034-10-29,S004,Grocery,15332.3,1,0,677,33.4,5.2,5.8,1775,2034,10,43,4,19395.77,15316.0425
2034-11-05,S004,Grocery,13575.9,0,0,659,30.6,11.8,1.4,1279,2034,11,44,4,15332.3,16001.25
2034-11-26,S004,Home,17017.59,0,1,697,29.7,15.3,4.4,1481,2034,11,47,4,13575.9,16330.390000000001
2035-01-28,S004,Home,14018.05,0,0,574,32.3,5.0,1.9,1163,2035,1,4,1,17017.59,14985.96
2035-02-11,S004,Beauty,11830.43,0,0,468,29.6,4.7,3.6,1371,2035,2,6,1,14018.05,14110.4925
2035-02-18,S004,Home,10779.77,0,0,478,31.7,16.3,2.0,1412,2035,2,7,1,11830.43,13411.460000000001
2035-04-01,S004,Grocery,11023.09,0,0,442,27.3,23.6,1.3,1305,2035,4,13,2,10779.77,11912.835
2035-04-15,S004,Home,17970.82,0,1,745,38.0,2.7,1.9,1360,2035,4,15,2,11023.09,12901.0275
2035-05-27,S004,Beauty,12002.26,0,0,499,24.8,6.1,3.0,1308,2035,5,21,2,17970.82,12943.985
2035-07-15,S004,Electronics,11946.13,0,0,475,34.3,20.5,0.5,1312,2035,7,28,3,12002.26,13235.575
2035-07-29,S004,Clothing,11393.86,0,0,511,35.5,24.3,0.5,1441,2035,7,30,3,11946.13,13328.267500000002
2035-08-19,S004,Grocery,17358.64,1,0,736,31.9,5.5,8.2,1780,2035,8,33,3,11393.86,13175.2225
2035-10-28,S004,Home,14514.63,0,0,511,30.6,2.2,2.6,1377,2035,10,43,4,17358.64,13803.315
2035-11-11,S004,Electronics,18861.73,0,1,760,30.6,4.5,0.8,1401,2035,11,45,4,14514.63,15532.215
2035-11-18,S004,Electronics,25146.3,1,1,886,36.4,4.4,20.6,1647,2035,11,46,4,18861.73,18970.325
2035-12-09,S004,Electronics,14395.76,1,0,637,29.6,19.3,7.6,1562,2035,12,49,4,25146.3,18229.605
2035-12-16,S004,Grocery,12167.41,0,0,447,26.8,10.6,0.9,1340,2035,12,50,4,14395.76,17642.8
2036-01-06,S004,Beauty,17400.8,1,0,768,28.1,12.0,11.2,1754,2036,1,1,1,12167.41,17277.567499999997
2036-01-20,S004,Beauty,16606.1,0,1,637,29.5,10.5,4.7,1348,2036,1,3,1,17400.8,15142.517499999998
2036-01-27,S004,Home,16825.14,1,0,675,27.8,4.8,5.6,1667,2036,1,4,1,16606.1,15749.8625
2036-02-17,S004,Electronics,18616.97,1,0,777,34.4,21.7,27.4,1903,2036,2,7,1,16825.14,17362.2525
2036-03-30,S004,Grocery,16102.72,1,0,565,30.6,15.5,28.6,1610,2036,3,13,1,18616.97,17037.7325
2036-04-13,S004,Beauty,14354.89,1,0,432,30.7,24.0,13.5,1349,2036,4,15,2,16102.72,16474.93
2036-11-30,S004,Beauty,20118.99,1,0,753,29.8,0.8,19.2,1755,2036,11,48,4,14354.89,17298.3925
2037-04-12,S004,Grocery,11950.01,0,0,505,26.8,9.2,4.6,1215,2037,4,15,2,20118.99,15631.6525
2037-05-10,S004,Home,17179.27,1,0,647,32.0,4.5,6.7,1623,2037,5,19,2,11950.01,15900.789999999999
2037-06-28,S004,Electronics,12474.32,0,0,564,38.3,8.8,0.2,1378,2037,6,26,2,17179.27,15430.6475
2037-07-12,S004,Clothing,18964.35,0,1,786,25.8,12.0,2.4,1459,2037,7,28,3,12474.32,15141.9875
2037-09-20,S004,Electronics,11907.18,0,0,584,29.4,5.8,4.1,1252,2037,9,38,3,18964.35,15131.279999999999
2037-11-15,S004,Electronics,19199.83,0,1,717,35.9,11.6,1.8,1614,2037,11,46,4,11907.18,15636.42
2037-12-06,S004,Clothing,18892.42,1,0,700,27.9,4.6,28.5,1571,2037,12,49,4,19199.83,17240.945
2038-01-17,S004,Beauty,9559.37,0,0,334,32.6,33.3,1.9,1224,2038,1,2,1,18892.42,14889.7
2038-02-21,S004,Beauty,14108.46,0,0,641,27.0,3.0,1.6,1490,2038,2,7,1,9559.37,15440.02
2038-02-28,S004,Grocery,11776.26,0,0,482,21.2,7.8,4.1,1173,2038,2,8,1,14108.46,13584.127499999999
2038-05-23,S004,Grocery,10310.06,0,0,438,24.9,17.0,1.6,1316,2038,5,20,2,11776.26,11438.5375
2038-05-30,S004,Home,11593.93,0,0,567,31.1,6.2,2.9,1489,2038,5,21,2,10310.06,11947.1775
2038-09-05,S004,Clothing,13134.67,0,0,610,28.4,10.9,3.9,1449,2038,9,35,3,11593.93,11703.73
2038-10-24,S004,Clothing,13658.35,0,0,559,26.1,12.8,2.2,1496,2038,10,42,4,13134.67,12174.2525
2039-02-06,S004,Grocery,11304.75,0,0,534,30.4,2.9,3.3,1205,2039,2,5,1,13658.35,12422.925
2039-03-13,S004,Grocery,17324.32,1,0,625,26.1,17.6,14.0,1659,2039,3,10,1,11304.75,13855.5225
2039-03-27,S004,Beauty,15939.04,1,0,667,34.8,2.3,14.1,1398,2039,3,12,1,17324.32,14556.615
2039-05-22,S004,Electronics,17345.81,1,0,465,26.7,23.8,28.3,1548,2039,5,20,2,15939.04,15478.48
2039-07-17,S004,Electronics,14598.45,1,0,552,31.7,7.1,21.7,1611,2039,7,28,3,17345.81,16301.905
2039-08-21,S004,Home,11682.44,0,0,548,31.8,3.5,2.6,1211,2039,8,33,3,14598.45,14891.435000000001
2039-09-18,S004,Electronics,9936.49,0,0,388,29.9,6.8,3.3,1367,2039,9,37,3,11682.44,13390.7975
2039-10-02,S004,Home,15710.81,0,0,644,25.5,7.0,3.7,1386,2039,10,39,4,9936.49,12982.0475
2039-11-13,S004,Electronics,11868.24,0,0,536,32.2,9.8,0.4,1173,2039,11,45,4,15710.81,12299.494999999999
2039-12-04,S004,Clothing,17885.05,1,0,569,30.6,10.1,28.0,1572,2039,12,48,4,11868.24,13850.1475
2040-01-08,S004,Electronics,9450.99,0,0,437,38.9,14.4,3.2,1229,2040,1,1,1,17885.05,13728.7725
2040-03-25,S004,Grocery,9370.39,0,0,435,34.1,1.6,1.7,1307,2040,3,12,1,9450.99,12143.6675
2040-05-06,S004,Grocery,11562.92,0,0,555,30.3,5.6,0.5,1425,2040,5,18,2,9370.39,12067.337499999998
2040-05-20,S004,Grocery,19129.43,1,0,631,34.8,3.1,23.0,1469,2040,5,20,2,11562.92,12378.432499999999
2040-05-27,S004,Beauty,11237.05,0,0,429,29.7,7.9,2.6,1406,2040,5,21,2,19129.43,12824.9475
2040-06-10,S004,Beauty,10647.52,0,0,483,28.4,14.1,2.2,1444,2040,6,23,2,11237.05,13144.23
2040-08-12,S004,Electronics,16764.91,0,1,616,32.1,0.7,0.4,1507,2040,8,32,3,10647.52,14444.7275
2040-09-02,S004,Grocery,9705.88,0,0,477,34.2,2.1,0.4,1485,2040,9,35,3,16764.91,12088.839999999998
2040-09-16,S004,Beauty,13279.38,0,0,461,28.7,1.1,4.1,1219,2040,9,37,3,9705.88,12599.4225
2040-09-30,S004,Grocery,17587.13,1,0,715,31.3,12.3,27.4,1644,2040,9,39,3,13279.38,14334.324999999999
2040-10-14,S004,Beauty,10317.08,0,0,462,29.1,1.8,4.4,1405,2040,10,41,4,17587.13,12722.3675
2040-11-18,S004,Clothing,10907.86,0,0,504,29.4,13.2,2.8,1313,2040,11,46,4,10317.08,13022.862500000001
2041-01-20,S004,Electronics,11769.07,0,0,539,21.5,9.0,3.6,1368,2041,1,3,1,10907.86,12645.285000000002
2041-02-17,S004,Electronics,19299.04,1,0,523,39.2,10.7,29.3,1618,2041,2,7,1,11769.07,13073.2625
2041-04-28,S004,Grocery,15315.22,1,0,588,34.3,4.9,8.5,1461,2041,4,17,2,19299.04,14322.7975
2041-05-05,S004,Home,17747.05,1,0,696,25.2,6.7,8.2,1736,2041,5,18,2,15315.22,16032.595
2041-06-16,S004,Clothing,11553.37,0,0,469,33.2,9.2,4.3,1338,2041,6,24,2,17747.05,15978.67
2041-07-14,S004,Clothing,21627.42,1,1,872,28.5,24.0,20.8,1798,2041,7,28,3,11553.37,16560.765
2041-08-18,S004,Home,20174.2,1,1,924,30.7,9.2,5.4,1909,2041,8,33,3,21627.42,17775.51
2041-10-13,S004,Clothing,12599.52,0,0,479,31.3,9.4,2.6,1117,2041,10,41,4,20174.2,16488.627500000002
2042-03-02,S004,Home,14623.31,0,0,697,28.0,6.3,3.5,1412,2042,3,9,1,12599.52,17256.1125
2042-03-23,S004,Grocery,14972.67,0,1,655,22.9,6.2,1.4,1420,2042,3,12,1,14623.31,15592.425
2042-04-06,S004,Beauty,19029.9,1,0,631,22.7,5.5,16.0,1519,2042,4,14,2,14972.67,15306.350000000002
2042-06-01,S004,Electronics,19428.7,1,0,723,31.9,4.9,10.0,1581,2042,6,22,2,19029.9,17013.645
2042-07-27,S004,Electronics,10419.5,0,0,530,31.0,4.7,1.6,1147,2042,7,30,3,19428.7,15962.692500000001
2042-08-10,S004,Grocery,10992.31,0,0,493,30.0,27.6,3.0,1287,2042,8,32,3,10419.5,14967.6025
2042-09-07,S004,Electronics,17444.75,1,0,638,26.0,18.6,12.2,1695,2042,9,36,3,10992.31,14571.314999999999
2042-09-14,S004,Clothing,16846.57,1,0,641,25.9,22.8,20.7,1669,2042,9,37,3,17444.75,13925.7825
2042-10-26,S004,Home,11626.4,0,0,482,32.1,11.7,3.0,1243,2042,10,43,4,16846.57,14227.5075
2042-11-02,S004,Electronics,15606.08,1,0,397,30.1,7.0,26.7,1655,2042,11,44,4,11626.4,15380.95
2042-12-07,S004,Electronics,11175.95,0,0,417,31.7,25.7,1.3,1080,2042,12,49,4,15606.08,13813.75
2043-01-11,S004,Clothing,11552.83,0,0,531,28.5,6.4,2.4,1173,2043,1,2,1,11175.95,12490.315
2043-02-22,S004,Beauty,21175.8,1,0,775,29.8,4.4,28.8,1836,2043,2,8,1,11552.83,14877.664999999999
2024-01-14,S005,Home,9055.86,0,0,341,36.8,18.4,4.6,1071,2024,1,2,1,13152.005000000001,9055.86
2024-01-28,S005,Home,14471.69,0,1,537,29.8,11.8,1.3,1419,2024,1,4,1,9055.86,11763.775000000001
2024-02-04,S005,Beauty,11816.75,0,0,452,33.8,17.0,2.7,1326,2024,2,5,1,14471.69,11781.433333333334
2024-03-10,S005,Electronics,10579.54,0,0,487,28.9,4.5,0.9,1511,2024,3,10,1,11816.75,11480.960000000001
2024-03-31,S005,Beauty,16286.69,1,0,592,37.6,7.4,12.9,1606,2024,3,13,1,10579.54,13288.6675
2024-05-05,S005,Beauty,10747.04,0,0,575,23.9,7.4,2.4,1424,2024,5,18,2,16286.69,12357.505000000001
2024-06-02,S005,Grocery,15078.81,1,0,596,25.6,7.0,16.5,1511,2024,6,22,2,10747.04,13173.02
2024-09-08,S005,Grocery,10114.15,0,0,542,30.8,12.7,0.8,1223,2024,9,36,3,15078.81,13056.6725
2024-09-22,S005,Clothing,18621.53,1,0,774,31.9,16.6,24.3,1857,2024,9,38,3,10114.15,13640.3825
2024-12-01,S005,Clothing,22876.17,1,1,846,31.8,4.0,9.4,1738,2024,12,48,4,18621.53,16672.665
2025-01-12,S005,Grocery,12906.12,0,0,504,27.3,6.3,0.3,1408,2025,1,2,1,22876.17,16129.492499999998
2025-03-16,S005,Home,12112.28,0,0,436,27.9,5.0,1.5,1230,2025,3,11,1,12906.12,16629.024999999998
2025-05-18,S005,Clothing,19236.04,1,0,660,42.0,9.6,22.9,1455,2025,5,20,2,12112.28,16782.6525
2025-05-25,S005,Clothing,7741.13,0,0,276,21.7,8.7,1.5,1157,2025,5,21,2,19236.04,12998.8925
2025-06-08,S005,Beauty,9289.65,0,0,446,28.9,5.0,4.4,1348,2025,6,23,2,7741.13,12094.775000000001
2025-07-20,S005,Grocery,10446.0,0,0,426,23.9,12.0,1.8,1237,2025,7,29,3,9289.65,11678.205000000002
2025-08-03,S005,Electronics,10493.5,0,0,413,28.3,20.6,2.9,1393,2025,8,31,3,10446.0,9492.57
2025-08-10,S005,Electronics,16458.21,0,1,636,25.5,24.0,2.6,1334,2025,8,32,3,10493.5,11671.84
2025-11-09,S005,Home,21530.39,1,1,821,27.1,0.2,8.0,1829,2025,11,45,4,16458.21,14732.025000000001
2026-01-11,S005,Beauty,16902.3,1,0,682,33.9,7.8,27.9,1823,2026,1,2,1,21530.39,16346.1
2026-03-01,S005,Electronics,15838.83,0,0,700,27.6,2.9,3.1,1398,2026,3,9,1,16902.3,17682.4325
2026-03-22,S005,Home,13432.04,0,0,584,28.4,7.0,0.9,1422,2026,3,12,1,15838.83,16925.89
2026-05-10,S005,Beauty,15606.49,1,0,615,30.3,11.7,17.1,1628,2026,5,19,2,13432.04,15444.915
2026-06-07,S005,Home,10475.28,0,0,440,34.8,14.2,0.3,1065,2026,6,23,2,15606.49,13838.16
2026-06-21,S005,Home,11391.04,0,0,436,31.9,3.4,2.6,1224,2026,6,25,2,10475.28,12726.2125
2026-06-28,S005,Electronics,11595.72,0,0,400,36.1,4.9,3.7,1272,2026,6,26,2,11391.04,12267.1325
2026-07-12,S005,Grocery,16833.76,1,0,745,37.0,17.2,7.4,1825,2026,7,28,3,11595.72,12573.95
2026-07-26,S005,Home,11799.93,0,0,494,29.1,7.4,0.1,1241,2026,7,30,3,16833.76,12905.1125
2026-09-06,S005,Home,23001.06,1,1,844,25.8,20.0,17.6,1667,2026,9,36,3,11799.93,15807.6175
2026-09-20,S005,Beauty,12624.86,0,0,606,29.0,15.2,0.1,1304,2026,9,38,3,23001.06,16064.9025
2027-01-10,S005,Grocery,17975.13,1,0,770,35.1,23.9,27.2,1691,2027,1,1,1,12624.86,16350.245000000003
2027-02-14,S005,Clothing,19017.31,1,0,730,29.5,7.5,24.7,1698,2027,2,6,1,17975.13,18154.59
2027-06-06,S005,Beauty,18048.29,1,0,753,28.3,12.2,6.7,1794,2027,6,22,2,19017.31,16916.3975
2027-08-01,S005,Grocery,11736.23,0,0,435,29.6,5.6,4.0,1396,2027,8,30,3,18048.29,16694.24
2027-09-05,S005,Grocery,13882.97,0,0,562,34.2,10.3,2.4,1333,2027,9,35,3,11736.23,15671.199999999999
2027-10-24,S005,Home,20088.85,1,0,714,28.4,10.2,17.8,1672,2027,10,42,4,13882.97,15939.085
2027-12-19,S005,Home,22218.56,1,1,751,20.0,11.9,17.4,1762,2027,12,50,4,20088.85,16981.6525
2028-07-30,S005,Grocery,11471.63,0,0,423,29.6,6.6,1.3,1355,2028,7,30,3,22218.56,16915.5025
2028-08-06,S005,Grocery,17558.85,1,0,712,27.9,10.4,13.1,1680,2028,8,31,3,11471.63,17834.4725
2028-12-10,S005,Clothing,24687.95,1,1,1014,30.6,3.5,15.1,1801,2028,12,49,4,17558.85,18984.2475
2029-01-14,S005,Electronics,11458.6,0,0,456,29.8,14.0,2.5,1241,2029,1,2,1,24687.95,16294.257500000002
2029-02-25,S005,Grocery,12091.53,0,0,573,29.6,6.3,0.7,1386,2029,2,8,1,11458.6,16449.2325
2029-04-22,S005,Grocery,15372.6,1,0,596,27.2,4.8,14.8,1509,2029,4,16,2,12091.53,15902.67
2029-05-27,S005,Electronics,18888.17,1,0,651,31.4,8.0,12.7,1747,2029,5,21,2,15372.6,14452.724999999999
2029-06-24,S005,Grocery,9882.3,0,0,485,22.5,11.2,2.9,1265,2029,6,25,2,18888.17,14058.649999999998
2029-07-08,S005,Electronics,15748.85,1,0,497,28.9,12.8,10.3,1518,2029,7,27,3,9882.3,14972.98
2029-09-02,S005,Electronics,15330.41,1,0,614,36.6,16.5,6.9,1666,2029,9,35,3,15748.85,14962.432499999999
2029-09-09,S005,Grocery,15475.05,1,0,571,28.1,13.2,8.4,1549,2029,9,36,3,15330.41,14109.1525
2029-10-07,S005,Beauty,9015.18,0,0,314,29.4,9.5,2.8,1125,2029,10,40,4,15475.05,13892.3725
2029-10-14,S005,Electronics,11848.36,0,0,537,33.0,5.0,4.3,1435,2029,10,41,4,9015.18,12917.25
2029-10-28,S005,Beauty,23242.96,1,1,770,35.3,9.3,7.9,1732,2029,10,43,4,11848.36,14895.3875
2029-12-02,S005,Home,11133.27,0,0,564,23.1,3.5,4.7,1306,2029,12,48,4,23242.96,13809.942500000001
2029-12-09,S005,Beauty,10868.11,0,0,437,36.0,17.4,0.7,1283,2029,12,49,4,11133.27,14273.175
2030-04-14,S005,Home,11577.1,0,0,523,28.5,5.2,0.9,1506,2030,4,15,2,10868.11,14205.36
2030-05-26,S005,Grocery,19518.75,1,0,812,30.4,1.0,16.2,1663,2030,5,21,2,11577.1,13274.3075
2030-06-30,S005,Home,16403.18,1,0,751,28.2,10.4,15.1,1665,2030,6,26,2,19518.75,14591.785000000002
2030-09-15,S005,Grocery,16704.19,0,1,613,33.1,10.6,4.9,1421,2030,9,37,3,16403.18,16050.805
2030-11-10,S005,Electronics,14415.34,1,0,566,32.1,8.1,8.2,1630,2030,11,45,4,16704.19,16760.364999999998
2030-11-24,S005,Beauty,19251.83,1,0,655,28.7,11.4,28.7,1544,2030,11,47,4,14415.34,16693.635000000002
2030-12-22,S005,Clothing,9704.94,0,0,516,33.6,15.2,1.4,1248,2030,12,51,4,19251.83,15019.075
2031-01-05,S005,Electronics,20687.17,1,0,770,37.3,2.8,29.9,1775,2031,1,1,1,9704.94,16014.82
2031-02-02,S005,Clothing,12357.2,0,0,535,27.5,11.0,1.3,1107,2031,2,5,1,20687.17,15500.285
2031-04-13,S005,Electronics,16182.92,0,1,639,35.1,3.8,0.1,1488,2031,4,15,2,12357.2,14733.0575
2031-04-27,S005,Grocery,16786.99,1,0,663,27.3,17.4,18.7,1682,2031,4,17,2,16182.92,16503.57
2031-05-18,S005,Beauty,17166.27,1,0,698,33.6,8.0,7.1,1927,2031,5,20,2,16786.99,15623.345000000001
2031-07-06,S005,Grocery,11824.93,0,0,468,37.1,14.3,4.4,1204,2031,7,27,3,17166.27,15490.2775
2031-07-13,S005,Beauty,11981.51,0,0,514,23.4,1.2,2.4,1262,2031,7,28,3,11824.93,14439.925
2031-07-27,S005,Electronics,9844.9,0,0,421,27.1,11.0,2.9,1274,2031,7,30,3,11981.51,12704.4025
2031-08-03,S005,Clothing,8606.11,0,0,447,32.9,12.7,3.4,1252,2031,8,31,3,9844.9,10564.3625
2031-08-10,S005,Electronics,11919.56,0,0,583,25.8,11.3,4.0,1349,2031,8,32,3,8606.11,10588.02
2031-09-14,S005,Beauty,21808.55,1,1,906,26.0,10.9,11.3,1952,2031,9,37,3,11919.56,13044.779999999999
2031-09-28,S005,Grocery,15972.13,1,0,594,35.0,25.1,22.6,1676,2031,9,39,3,21808.55,14576.5875
2031-10-12,S005,Home,11140.25,0,0,419,29.8,15.1,0.5,1370,2031,10,41,4,15972.13,15210.122499999998
2031-11-02,S005,Clothing,18859.96,1,0,740,25.7,8.4,20.8,1660,2031,11,44,4,11140.25,16945.222499999996
2031-11-30,S005,Home,21017.31,1,0,741,34.0,7.0,18.2,1562,2031,11,48,4,18859.96,16747.4125
2031-12-21,S005,Clothing,10939.52,0,0,520,33.8,14.9,4.5,1427,2031,12,51,4,21017.31,15489.26
2032-01-11,S005,Home,16404.51,1,0,589,23.3,7.2,17.5,1731,2032,1,2,1,10939.52,16805.325
2032-03-14,S005,Clothing,16810.69,1,0,609,31.2,16.0,23.7,1418,2032,3,11,1,16404.51,16293.0075
2032-03-21,S005,Beauty,16556.28,0,1,583,32.6,3.1,4.3,1130,2032,3,12,1,16810.69,15177.75
2032-06-20,S005,Clothing,17904.21,1,0,612,37.8,4.7,23.3,1630,2032,6,25,2,16556.28,16918.9225
2032-07-11,S005,Electronics,15936.02,1,0,622,30.9,5.3,9.8,1703,2032,7,28,3,17904.21,16801.8
2032-09-05,S005,Clothing,11966.53,0,0,526,34.7,13.1,2.6,1428,2032,9,36,3,15936.02,15590.76
2032-09-12,S005,Clothing,9842.11,0,0,332,30.5,13.7,3.3,1356,2032,9,37,3,11966.53,13912.2175
2032-10-03,S005,Clothing,11740.71,0,0,433,26.6,4.2,4.3,1226,2032,10,40,4,9842.11,12371.3425
2032-11-14,S005,Clothing,16792.94,1,0,694,28.7,11.8,13.4,1554,2032,11,46,4,11740.71,12585.5725
2033-01-16,S005,Electronics,11519.94,0,0,479,25.7,3.6,0.5,1302,2033,1,2,1,16792.94,12473.925
2033-01-30,S005,Beauty,10097.84,0,0,438,26.2,10.0,0.8,1283,2033,1,4,1,11519.94,12537.857499999998
2033-02-13,S005,Home,17066.53,1,0,644,34.5,12.2,19.1,1624,2033,2,6,1,10097.84,13869.312499999998
2033-03-06,S005,Beauty,12420.69,0,0,565,30.9,3.4,0.1,1574,2033,3,9,1,17066.53,12776.25
2033-03-13,S005,Home,11235.95,0,0,397,25.9,2.1,3.0,1098,2033,3,10,1,12420.69,12705.252499999999
2033-04-10,S005,Grocery,11052.04,0,0,406,31.4,8.1,3.4,1185,2033,4,14,2,11235.95,12943.8025
2033-06-05,S005,Electronics,9249.88,0,0,420,31.7,9.1,2.3,1165,2033,6,22,2,11052.04,10989.64
2033-06-26,S005,Home,9722.33,0,0,463,34.5,9.8,4.1,1161,2033,6,25,2,9249.88,10315.05
2033-08-21,S005,Home,10650.46,0,0,464,30.0,12.2,3.6,1247,2033,8,33,3,9722.33,10168.6775
2033-10-02,S005,Grocery,10396.62,0,0,396,36.4,6.9,1.9,1553,2033,10,39,4,10650.46,10004.8225
2033-12-04,S005,Clothing,15769.7,1,0,543,29.0,10.1,17.5,1512,2033,12,48,4,10396.62,11634.7775
2033-12-11,S005,Home,19136.22,0,1,876,25.9,16.9,2.8,1546,2033,12,49,4,15769.7,13988.25
2034-01-22,S005,Clothing,14819.64,0,1,655,32.7,10.3,4.7,1406,2034,1,3,1,19136.22,15030.545
2034-02-05,S005,Electronics,17258.97,1,0,623,27.9,41.8,27.1,1829,2034,2,5,1,14819.64,16746.1325
2034-02-19,S005,Electronics,19086.42,1,0,778,31.7,0.8,17.9,1707,2034,2,7,1,17258.97,17575.3125
2034-02-26,S005,Electronics,16597.6,1,0,686,30.3,7.3,19.4,1634,2034,2,8,1,19086.42,16940.6575
2034-03-26,S005,Clothing,11872.1,0,0,520,21.5,1.0,0.7,1366,2034,3,12,1,16597.6,16203.7725
2034-04-09,S005,Grocery,17281.9,1,0,613,26.1,8.0,18.2,1580,2034,4,14,2,11872.1,16209.505
2034-06-18,S005,Grocery,12410.31,0,0,529,30.5,6.7,3.3,1375,2034,6,24,2,17281.9,14540.477499999999
2034-06-25,S005,Home,18552.26,1,0,775,29.7,4.0,11.4,1709,2034,6,25,2,12410.31,15029.1425
2034-08-13,S005,Clothing,11800.55,0,0,480,26.1,2.8,2.9,1445,2034,8,32,3,18552.26,15011.255000000001
2034-08-20,S005,Grocery,14970.28,0,1,674,32.0,12.7,4.6,1326,2034,8,33,3,11800.55,14433.35
2034-08-27,S005,Beauty,11237.06,0,0,505,27.1,13.0,4.1,1369,2034,8,34,3,14970.28,14140.0375
2034-09-10,S005,Clothing,19886.88,1,0,714,34.8,4.3,13.9,1541,2034,9,36,3,11237.06,14473.692500000001
2034-10-15,S005,Beauty,17120.79,1,0,652,26.7,0.7,18.4,1568,2034,10,41,4,19886.88,15803.752499999999
2034-11-19,S005,Electronics,17520.73,1,0,666,26.8,9.3,16.2,1672,2034,11,46,4,17120.79,16441.364999999998
2035-01-07,S005,Beauty,17420.37,1,0,604,39.1,5.4,18.9,1619,2035,1,1,1,17520.73,17987.1925
2035-01-14,S005,Clothing,14446.64,1,0,552,28.4,48.2,28.3,1554,2035,1,2,1,17420.37,16627.1325
2035-02-25,S005,Beauty,13606.3,1,0,519,19.9,16.5,15.6,1680,2035,2,8,1,14446.64,15748.51
2035-03-25,S005,Home,15943.3,1,0,685,38.2,4.3,8.5,1725,2035,3,12,1,13606.3,15354.1525
2035-05-13,S005,Grocery,17476.15,1,0,695,33.4,12.9,21.6,1681,2035,5,19,2,15943.3,15368.0975
2035-06-03,S005,Beauty,17784.82,1,0,641,27.9,5.5,9.1,1703,2035,6,22,2,17476.15,16202.642500000002
2035-06-10,S005,Electronics,11520.07,0,0,502,27.6,2.9,2.2,1332,2035,6,23,2,17784.82,15681.085
2035-06-17,S005,Clothing,17534.58,1,0,680,29.7,5.4,12.5,1665,2035,6,24,2,11520.07,16078.904999999999
2035-06-24,S005,Beauty,10255.17,0,0,419,31.7,20.1,2.6,1225,2035,6,25,2,17534.58,14273.660000000002
2035-07-01,S005,Grocery,16610.16,0,1,652,31.7,2.5,2.5,1399,2035,7,26,3,10255.17,13979.995
2035-07-22,S005,Electronics,11266.23,0,0,502,31.0,19.8,0.6,1339,2035,7,29,3,16610.16,13916.535
2035-09-30,S005,Grocery,9571.43,0,0,462,32.3,12.4,1.0,1239,2035,9,39,3,11266.23,11925.747500000001
2035-11-25,S005,Home,10477.41,0,0,476,32.8,2.3,4.0,1428,2035,11,47,4,9571.43,11981.307499999999
2036-02-03,S005,Electronics,9878.18,0,0,441,18.3,6.9,4.9,1215,2036,2,5,1,10477.41,10298.3125
2036-03-23,S005,Home,11904.0,0,0,435,37.6,2.7,3.3,1195,2036,3,12,1,9878.18,10457.755000000001
2036-04-06,S005,Clothing,9916.25,0,0,413,34.1,12.5,2.4,1261,2036,4,14,2,11904.0,10543.96
2036-04-20,S005,Clothing,14172.91,0,0,519,24.7,9.6,3.7,1130,2036,4,16,2,9916.25,11467.835
2036-04-27,S005,Clothing,16978.49,1,0,753,28.4,35.3,5.6,1731,2036,4,17,2,14172.91,13242.9125
2036-05-11,S005,Grocery,10658.96,0,0,376,28.2,12.6,4.5,1183,2036,5,19,2,16978.49,12931.6525
2036-06-01,S005,Home,16334.28,0,1,637,29.7,5.7,3.6,1509,2036,6,22,2,10658.96,14536.16
2036-07-13,S005,Home,10898.61,0,0,605,21.6,14.0,2.4,1371,2036,7,28,3,16334.28,13717.585
2036-07-20,S005,Home,18402.11,1,0,863,34.6,8.8,5.9,1591,2036,7,29,3,10898.61,14073.49
2036-08-31,S005,Electronics,9742.65,0,0,454,26.0,2.6,2.1,1329,2036,8,35,3,18402.11,13844.4125
2036-10-12,S005,Grocery,15503.35,1,0,619,28.7,35.3,7.6,1795,2036,10,41,4,9742.65,13636.68
2036-11-23,S005,Beauty,12490.34,0,0,477,33.3,17.3,2.9,1256,2036,11,47,4,15503.35,14034.6125
2036-12-14,S005,Clothing,15674.3,1,0,581,28.6,14.0,14.5,1491,2036,12,50,4,12490.34,13352.66
2036-12-21,S005,Home,15404.29,1,0,523,34.7,10.8,15.3,1451,2036,12,51,4,15674.3,14768.07
2037-01-04,S005,Electronics,12435.88,0,0,587,30.2,3.0,4.4,1405,2037,1,1,1,15404.29,14001.2025
2037-01-11,S005,Clothing,10853.68,0,0,477,30.2,7.5,1.5,1317,2037,1,2,1,12435.88,13592.0375
2037-01-18,S005,Beauty,12317.44,0,0,394,28.0,5.9,3.3,1131,2037,1,3,1,10853.68,12752.8225
2037-01-25,S005,Grocery,17605.94,0,1,673,24.5,6.4,1.6,1466,2037,1,4,1,12317.44,13303.235
2037-03-01,S005,Clothing,13710.59,0,0,564,34.9,7.0,3.6,1296,2037,3,9,1,17605.94,13621.9125
2037-03-29,S005,Grocery,12718.18,0,0,520,31.7,17.0,2.5,1368,2037,3,13,1,13710.59,14088.0375
2037-04-05,S005,Home,14064.83,0,0,548,31.9,3.4,2.9,1397,2037,4,14,2,12718.18,14524.885
2037-07-19,S005,Grocery,10797.96,0,0,455,36.0,11.2,0.1,1161,2037,7,29,3,14064.83,12822.890000000001
2037-08-16,S005,Electronics,18091.91,0,1,726,38.4,8.1,1.1,1335,2037,8,33,3,10797.96,13918.22
2037-08-23,S005,Home,11031.29,0,0,392,36.4,2.2,0.3,1248,2037,8,34,3,18091.91,13496.4975
2038-01-03,S005,Home,11596.31,0,0,553,22.6,7.6,0.5,1365,2038,1,53,1,11031.29,12879.367499999998
2038-01-10,S005,Electronics,12892.75,0,0,487,29.9,7.0,1.7,1348,2038,1,1,1,11596.31,13403.064999999999
2038-03-07,S005,Home,12066.48,0,0,634,34.8,8.4,3.4,1345,2038,3,9,1,12892.75,11896.7075
2038-03-21,S005,Grocery,11677.09,0,0,459,30.2,7.4,3.5,1245,2038,3,11,1,12066.48,12058.1575
2038-04-04,S005,Grocery,18092.81,1,0,789,34.3,3.0,15.0,1709,2038,4,13,2,11677.09,13682.282500000001
2038-07-04,S005,Clothing,19310.38,0,1,714,38.5,5.9,3.9,1510,2038,7,26,3,18092.81,15286.690000000002
2038-07-18,S005,Beauty,17855.12,0,1,619,37.7,15.9,3.0,1402,2038,7,28,3,19310.38,16733.85
2038-08-15,S005,Grocery,21667.05,1,1,824,27.2,5.5,14.9,1714,2038,8,32,3,17855.12,19231.34
2038-08-22,S005,Beauty,10415.53,0,0,447,26.3,9.0,4.9,1405,2038,8,33,3,21667.05,17312.02
2038-09-19,S005,Grocery,15080.73,1,0,600,32.4,10.4,6.2,1777,2038,9,37,3,10415.53,16254.607499999998
2038-09-26,S005,Grocery,16336.25,1,0,684,39.2,5.5,5.1,1593,2038,9,38,3,15080.73,15874.89
2038-10-10,S005,Home,10518.86,0,0,506,35.0,8.4,2.6,1456,2038,10,40,4,16336.25,13087.842499999999
2038-11-28,S005,Grocery,14165.32,0,0,617,27.1,18.8,4.1,1380,2038,11,47,4,10518.86,14025.289999999999
2039-01-16,S005,Home,10607.14,0,0,481,24.6,3.5,2.0,1338,2039,1,2,1,14165.32,12906.8925
2039-03-06,S005,Beauty,19408.31,1,0,730,32.9,11.3,19.6,1803,2039,3,9,1,10607.14,13674.907500000001
2039-04-10,S005,Clothing,19395.59,1,0,648,24.5,2.7,27.5,1617,2039,4,14,2,19408.31,15894.09
2039-05-29,S005,Home,17050.92,1,0,618,33.1,11.3,12.0,1782,2039,5,21,2,19395.59,16615.49
2039-07-10,S005,Grocery,10653.78,0,0,476,33.0,14.3,1.6,1393,2039,7,27,3,17050.92,16627.15
2039-09-11,S005,Home,9826.79,0,0,382,26.0,4.8,2.8,1233,2039,9,36,3,10653.78,14231.77
2039-10-30,S005,Beauty,12187.26,0,0,547,28.3,9.8,3.0,1146,2039,10,43,4,9826.79,12429.6875
2040-01-01,S005,Grocery,10430.78,0,0,458,30.6,6.3,3.8,1268,2040,1,52,1,12187.26,10774.6525
2040-02-12,S005,Home,12179.65,0,0,499,34.8,6.7,1.9,1151,2040,2,6,1,10430.78,11156.12
2040-02-19,S005,Grocery,9362.47,0,0,429,25.0,0.7,4.7,1373,2040,2,7,1,12179.65,11040.04
2040-03-11,S005,Beauty,17582.69,1,0,556,29.4,9.5,21.4,1624,2040,3,10,1,9362.47,12388.8975
2040-03-18,S005,Beauty,13530.02,0,0,533,31.4,18.3,1.0,1241,2040,3,11,1,17582.69,13163.7075
2040-04-29,S005,Grocery,17058.94,1,0,651,30.3,1.9,16.4,1713,2040,4,17,2,13530.02,14383.529999999999
2040-08-05,S005,Clothing,25892.23,1,1,950,29.4,2.4,16.2,1850,2040,8,31,3,17058.94,18515.969999999998
2040-08-19,S005,Electronics,11524.81,0,0,498,33.4,9.0,0.3,1258,2040,8,33,3,25892.23,17001.5
2040-11-04,S005,Electronics,13217.76,0,0,570,26.3,5.4,2.6,1216,2040,11,44,4,11524.81,16923.434999999998
2040-11-25,S005,Home,10788.2,0,0,501,31.2,5.2,0.6,1251,2040,11,47,4,13217.76,15355.75
2041-01-06,S005,Clothing,9322.48,0,0,353,24.7,4.3,4.2,1177,2041,1,1,1,10788.2,11213.3125
2041-02-03,S005,Clothing,13064.17,0,0,502,29.4,13.6,4.2,1343,2041,2,5,1,9322.48,11598.1525
2041-03-03,S005,Clothing,16205.04,1,0,583,29.6,4.0,11.7,1567,2041,3,9,1,13064.17,12344.972500000002
2041-04-21,S005,Electronics,15891.81,0,0,574,32.0,3.0,4.8,1125,2041,4,16,2,16205.04,13620.875
2041-05-19,S005,Electronics,10216.46,0,0,450,33.4,13.4,0.2,1331,2041,5,20,2,15891.81,13844.37
2041-07-21,S005,Beauty,18413.65,0,1,837,24.6,5.6,4.3,1530,2041,7,29,3,10216.46,15181.74
2041-08-11,S005,Beauty,14767.95,0,1,639,31.3,8.6,2.5,1364,2041,8,32,3,18413.65,14822.467499999999
2041-09-01,S005,Home,10184.74,0,0,512,29.3,6.0,2.5,1387,2041,9,35,3,14767.95,13395.7
2041-09-08,S005,Clothing,15883.58,1,0,602,21.3,16.8,16.2,1611,2041,9,36,3,10184.74,14812.48
2041-09-15,S005,Clothing,17763.47,1,0,606,30.7,11.4,19.3,1596,2041,9,37,3,15883.58,14649.935000000001
2041-10-27,S005,Beauty,12789.82,0,0,605,28.2,5.6,3.7,1315,2041,10,43,4,17763.47,14155.4025
2041-12-01,S005,Beauty,15807.61,0,1,664,31.1,10.1,1.7,1498,2041,12,48,4,12789.82,15561.119999999999
2042-01-19,S005,Grocery,18932.51,1,0,612,30.1,7.2,23.2,1736,2042,1,3,1,15807.61,16323.352499999999
2042-03-09,S005,Electronics,19149.2,0,1,793,26.9,24.7,2.6,1350,2042,3,10,1,18932.51,16669.785
2042-04-13,S005,Electronics,18981.96,1,0,728,25.1,20.2,19.6,1691,2042,4,15,2,19149.2,18217.82
2042-05-04,S005,Home,16020.64,1,0,631,29.4,7.9,14.7,1739,2042,5,18,2,18981.96,18271.0775
2042-05-11,S005,Grocery,17421.31,1,0,754,28.7,2.0,6.2,1665,2042,5,19,2,16020.64,17893.2775
2042-06-22,S005,Beauty,18272.79,1,0,674,26.5,13.6,24.3,1616,2042,6,25,2,17421.31,17674.175000000003
2042-07-20,S005,Grocery,13790.93,0,0,395,28.4,6.1,2.3,1230,2042,7,29,3,18272.79,16376.4175
2042-08-03,S005,Electronics,10436.17,0,0,525,29.0,9.6,2.4,1354,2042,8,31,3,13790.93,14980.3
2042-08-17,S005,Beauty,14328.16,0,0,533,28.7,16.8,4.9,1481,2042,8,33,3,10436.17,14207.0125
2042-08-24,S005,Electronics,10376.57,0,0,505,29.3,18.4,4.7,1209,2042,8,34,3,14328.16,12232.9575
2042-08-31,S005,Grocery,11091.01,0,0,462,30.8,4.5,4.3,1096,2042,8,35,3,10376.57,11557.9775
2042-09-21,S005,Beauty,11228.48,0,0,499,24.4,4.4,3.3,1199,2042,9,38,3,11091.01,11756.055
2042-11-30,S005,Home,10583.27,0,0,445,26.0,13.4,2.6,1155,2042,11,48,4,11228.48,10819.8325
2043-01-25,S005,Electronics,10311.33,0,0,395,28.4,25.0,2.0,1358,2043,1,4,1,10583.27,10803.5225
